truck_id,lat,lon,speed_kmh,fuel_per_km,distance_km,eta_min
TRK_01,9.287848383953028,7.508654275378059,59.581314205252454,0.350182237499211,292.32928275838935,294.38351938798166
TRK_01,9.172539095120303,7.2864458698158785,72.02835151471754,0.32070373518847395,382.366729595404,318.513519930225
TRK_01,10.255992411818292,7.291580512386362,44.52841356878254,0.4125090465612234,372.11685126599144,501.4104318239679
TRK_01,9.04593053586644,7.345305390513097,71.68839207556391,0.31115219415548445,106.07849285570714,88.78298685557962
TRK_01,10.453419635846377,7.534038951367619,56.84843273163301,0.34453614630919704,203.57591477493904,214.8617701416352
TRK_01,10.19056921874783,7.339517886630416,58.175874948047586,0.3906452133376932,221.31083243166003,228.2501115412144
TRK_01,9.676185632325284,7.5035089820310565,77.11717490182073,0.3053247128300684,25.235026610131783,19.63377935635657
TRK_01,10.37559356384934,7.234787268208296,77.88850236906379,0.30941235876765916,390.72684008537294,300.9893590460644
TRK_01,9.435686294015575,7.260819645971527,70.4733630512803,0.36692887378246786,66.64122055824512,56.737369416941235
TRK_01,9.553147936953511,7.562339353350579,64.41300805542114,0.37760737386168464,109.79712456162986,102.27479933912736
TRK_01,10.3881144141278,7.318217572477146,74.15720815637394,0.360623165544182,253.85561002724504,205.39253000890574
TRK_01,10.173019379295091,7.526647222060571,58.81451287656154,0.34079239181282506,296.2798813926532,302.2518085097243
TRK_01,10.295308965838146,7.493902138236014,68.56798457913388,0.35885303195056195,225.31658427485308,197.16191367545588
TRK_01,10.124760337997834,7.505708361628126,69.45093398962511,0.34343786478735155,279.2432729838852,241.2436437721052
TRK_01,9.1713341172828,7.403020403795641,73.1117815525179,0.32769782799869385,392.59922256938717,322.1909363163643
TRK_01,9.282434072663591,7.415092602686691,78.93370572154599,0.30392402884593883,74.9599195925235,56.979399794272325
TRK_01,10.195307511084959,7.369340404736162,65.35150938903016,0.35429868994054586,324.93578124782306,298.3274151911476
TRK_01,9.615890327655885,7.299171416877853,44.74609962795815,0.39161668886468176,41.79887085044525,56.04806389560074
TRK_01,9.785568771715038,7.285661259660597,62.14195649402647,0.3627894633436018,326.47257887400633,315.21947227914126
TRK_01,9.705040277183906,7.3438987485507505,67.01854011312204,0.3619109319661184,189.82440754439585,169.94497990316154
TRK_01,9.260308252901162,7.224730617316037,58.58404099635129,0.3503748688344393,22.57964531627281,23.12538868837584
TRK_01,10.598386131792635,7.403445955974291,64.72732070662072,0.342031708501929,254.73613272639093,236.1316333926378
TRK_01,9.808666441200321,7.216248256647425,67.19745251649634,0.36248795933661465,40.1954939855148,35.89019447632827
TRK_01,10.519510572792711,7.475631687192854,78.07644318253057,0.32292974073404696,216.20424309889003,166.1481242889906
TRK_01,9.471600266463277,7.517757822633052,64.24756749275187,0.3559027637545042,181.6903372801088,169.67833432816548
TRK_01,10.239250862595767,7.431831986648908,81.74268268247005,0.3417175116740561,29.12981061407537,21.381591348473574
TRK_01,9.589555666774134,7.53524941181187,76.61310013835906,0.30812114606009733,87.6640118248644,68.65458648707441
TRK_01,9.079464312043621,7.555655965773095,75.94994567700724,0.3028093946058198,284.4094942088124,224.6817887809866
TRK_01,9.366912296492387,7.27761006092479,65.16010255694485,0.34210407536645576,149.3278806267225,137.50243609228966
TRK_01,10.209185266379938,7.324122444228719,63.90124048813464,0.37862063417907743,343.2986896875926,322.3399299279681
TRK_01,9.177713658875804,7.598840961632442,53.49819219395373,0.3916973182924773,273.83100744757115,307.1105727701794
TRK_01,10.094257042326726,7.480304184093858,74.79962489491574,0.31496268163698204,126.04317319423319,101.10465663803127
TRK_01,9.601033794086131,7.23966549238925,83.60442670903664,0.2911914745348741,307.8341052758677,220.92187033148653
TRK_01,10.027924545938017,7.393179328207019,48.27544341740669,0.3832684473456285,97.56245115125616,121.25724083902836
TRK_01,9.871792859107497,7.362238995281815,70.91241845363321,0.3254562786645524,100.68850750813321,85.19397000171648
TRK_01,9.553232384383135,7.2267438209478785,73.16664234338107,0.33815341551179984,252.015892305602,206.66458175532253
TRK_01,10.55383355316532,7.546469301101236,58.83380168971998,0.333536842920109,237.05654476080898,241.75545820853847
TRK_01,10.564158774606632,7.211982948472281,87.93917918924828,0.30230282884298953,20.306951825146,13.855224949128562
TRK_01,9.245493268035213,7.450205332547532,42.84365384753943,0.4234444826153183,325.26740966654665,455.5177448086313
TRK_01,10.113138881172638,7.27374548326711,68.52798263554803,0.3306313536525551,134.49798144146445,117.76034513383908
TRK_01,10.277446475186888,7.474605341759997,62.948690178518675,0.364858785230358,146.61821782002312,139.75021631511893
TRK_01,9.868321318668833,7.540318056637983,47.036072820558275,0.37851982002083345,272.90302817666736,348.1196602672854
TRK_01,10.043825850000589,7.507050616067977,71.6356598364463,0.3209272817888116,68.5388823062614,57.40622683960314
TRK_01,10.37372483745319,7.554830792940736,50.35188373211486,0.3984156473533883,226.62374395869787,270.04798290891586
TRK_01,10.328152988889943,7.614706764879798,81.05932655439312,0.32777531706031504,344.80692658211245,255.2256041881156
TRK_01,9.385081024588308,7.2674722231967355,69.11813487751456,0.3614332741629247,344.7734507950072,299.29058537761716
TRK_01,9.841064163856243,7.230466564105259,57.34517248927537,0.3753244676215695,120.95359452500742,126.55321026120693
TRK_01,10.325402892367219,7.479290077032643,58.25286633185347,0.3486473238074499,138.3723178663181,142.5224129690465
TRK_01,10.401351545031774,7.412345485269676,90.76809417394853,0.2902257396156726,294.8592956435194,194.90943265490355
TRK_01,9.431512791821243,7.440797987881633,65.34962339691712,0.3511320140551391,38.807651629116506,35.63079596655848
TRK_01,9.197900438817088,7.301975832139194,71.70715256066632,0.33524946040870307,371.2207785027201,310.6140170789713
TRK_01,10.473469577555003,7.431719237804241,71.69851543034888,0.3539768595799351,188.8118555598103,158.0048243062136
TRK_01,10.100397035516202,7.42374905258652,53.38726109689348,0.4008308238239591,101.63931967776668,114.22873276076068
TRK_01,9.880872455566665,7.508265288894031,76.75782135220324,0.3244586292096833,193.53510933960226,151.2823886323452
TRK_01,9.249308557393693,7.4102000947963935,60.762201894548525,0.3704869903110242,273.9819426586291,270.5451094094175
TRK_01,10.315621526259303,7.488841615943754,72.8523384596617,0.32962417698615676,277.4084938214642,228.46911960834186
TRK_01,9.519322122030946,7.555038416198558,55.81280575596583,0.35711670541055085,130.15199037449284,139.91626682618178
TRK_01,9.056310093228152,7.48897991128239,72.86110108637439,0.31316607080102243,361.41046965404274,297.6159824092717
TRK_01,10.031232200127889,7.25856507822371,88.50362259468542,0.2822093564401803,209.73087176873986,142.18460145698083
TRK_01,9.500443759053427,7.541323801870722,58.853386465036515,0.3394193328805418,219.54825095055037,223.82560882641386
TRK_01,10.089199474135885,7.405905018170444,62.88162128262518,0.3399324358394712,45.96087870691255,43.85466955472282
TRK_01,10.426088562946012,7.526310334268216,65.52789440497631,0.3640899960596373,155.41560922743375,142.30484037860177
TRK_01,10.471210876947595,7.262914972340767,63.33406515043294,0.3747856647232293,256.1644393780108,242.67929630245095
TRK_01,10.457098381646365,7.206082080160291,62.65946229072423,0.36108935136297443,382.26865642363117,366.04398676452115
TRK_01,10.590415827057077,7.429753147822812,53.3895170627769,0.3665982457095747,184.09699799572655,206.8911742871846
TRK_01,10.261455286797048,7.345626674713937,77.57169358969364,0.2991807905028171,355.27459648544277,274.7970916024802
TRK_01,9.339915482519906,7.391961897328956,49.79493321848474,0.37909610450351644,254.66096295566317,306.8516571816129
TRK_01,10.171821402198832,7.306315180785863,77.16955122946017,0.32144019926598183,232.0855025834364,180.44850505350794
TRK_01,9.132344024613156,7.388110345181587,70.67571324352329,0.3414302188970041,244.54219112880872,207.6035853670442
TRK_01,9.918721776102071,7.411694812781268,60.63717424165962,0.3809172180615523,340.5280043357238,336.9497427224474
TRK_01,9.11474784422586,7.250705507315497,68.86724877999661,0.3227984352244723,210.06385800928157,183.01633510612726
TRK_01,9.450904349149553,7.264185717318163,89.61584727613504,0.31016992231652524,37.82759720810902,25.326500853057905
TRK_01,9.561818565888013,7.297067813409853,44.605667709697826,0.41785944722468765,146.6365698462053,197.2438625520111
TRK_01,10.447950551550353,7.3837845859898446,64.39628729276188,0.34873824738545395,272.50696775895295,253.9031169794622
TRK_01,9.685727846811414,7.552531200555943,57.87527954398939,0.3807532026533705,139.59428861846817,144.7190818446412
TRK_01,9.570320821051341,7.576261204457648,60.99691115499026,0.3724800829474956,120.91553448985425,118.93933532071512
TRK_01,10.439826887677635,7.471888551707817,59.86267416168632,0.370894419748688,255.68712796449833,256.2736779254791
TRK_01,9.904811654132864,7.364179088940357,42.79523222155814,0.41863783937531385,126.58251305892207,177.4718908923074
TRK_01,10.347480824993168,7.435631453350956,44.96501293634765,0.36237530001353824,83.08352909124906,110.86423465576921
TRK_01,10.561255195611949,7.568468246629525,63.014204890134444,0.3480005066222367,35.231840058889276,33.54656949522681
TRK_01,9.97836916836192,7.3226518781389425,70.21726671999981,0.30959816143069563,43.47865247904685,37.15210333015961
TRK_01,9.582866810291499,7.351746866166753,62.80390056841852,0.33355903568254996,133.87393567046234,127.89709026873594
TRK_01,9.923001896793606,7.360221268478912,46.39516439408442,0.4070201055746097,378.07878108168484,488.94593135213654
TRK_01,10.226573720686172,7.410299076427672,60.07787685371329,0.34159821185868716,85.08068949562929,84.97040236904174
TRK_01,9.473257574547725,7.46432480371252,50.51030963523752,0.4074401162000049,396.70349523636,471.2346823068465
TRK_01,10.50103124732723,7.466414015595635,67.6025933163265,0.3667223648976328,243.76959216590654,216.35524337824577
TRK_01,9.25998462774258,7.377945396277202,66.27945764837723,0.33308466060375796,241.7733272748705,218.8672048804461
TRK_01,10.34499585846982,7.472590244174488,42.94750363612118,0.3874493304741295,348.74431861874143,487.2147935398441
TRK_01,10.383843439732088,7.551278561646652,74.86566985303517,0.3130614714492552,24.77735948571014,19.85745365079823
TRK_01,9.332120874011686,7.264424812307098,39.45072661927844,0.3734183768314829,171.62424000805666,261.0206524168639
TRK_01,9.161794880395139,7.332056051786846,51.48273715914984,0.3549362036916992,171.12102343425656,199.43114862591625
TRK_01,9.244125906759816,7.385784420220485,77.62688864055794,0.3452712264002078,204.2579744297165,157.87671875566886
TRK_01,9.42731624340226,7.532470211335498,73.983616046232,0.3327599896638666,146.92610009791514,119.15565198065075
TRK_01,9.20385028915196,7.227280039768433,91.03261074475856,0.26939664990034023,388.233734398795,255.88658694234928
TRK_01,9.813719407949582,7.411891357474095,59.20183148461509,0.35847329954621193,378.5119197551014,383.61507770596535
TRK_01,10.557603100977481,7.336080900319774,54.42735104780347,0.353046906485782,193.57299324947834,213.39233623124164
TRK_01,9.700607834323293,7.353335219582979,79.98479503617,0.32878461928165187,368.8760924836707,276.70966136765935
TRK_01,10.077769117466676,7.545682521706773,64.01806760079572,0.34911639784165516,74.10916936872185,69.45773792878501
TRK_01,9.29628946889432,7.192550832019787,59.561662490056044,0.3794995341759247,136.6862307740778,137.69215806919215
TRK_01,10.28392927695069,7.295028562304442,61.73052100712775,0.36584548726365895,339.06382131721983,329.55868421528754
TRK_02,9.199636775472829,7.360967137311299,47.686199172168486,0.37425273837716044,312.60190145324555,393.3237375341402
TRK_02,10.273816573634539,7.230201912285193,56.93403347038567,0.37096226579026703,368.09129570694233,387.9134569642662
TRK_02,9.150372678120707,7.214603005053504,56.99461401120958,0.3546782383432508,314.06123381259334,330.6220132493479
TRK_02,10.573858902210587,7.48538039125006,68.7708683996639,0.3449489880444315,228.16026763522834,199.06126499022957
TRK_02,9.189096717595131,7.585042005436563,67.34101236901675,0.36217653108442593,74.88617654985163,66.72264694164862
TRK_02,9.081637822318491,7.2836407577476034,96.01124706077113,0.3005839623539051,184.0366873829017,115.00945546499202
TRK_02,9.446827357054122,7.321504240620697,58.445104217569934,0.3691147679487963,73.4675299930964,75.42208810469745
TRK_02,10.61685534607358,7.388748937562522,54.91523133453037,0.34124565069874585,302.2843081252084,330.2737336573511
TRK_02,10.006645953655454,7.432115059442674,60.93636551479112,0.3815700607155231,68.33842570344916,67.28831802762637
TRK_02,10.609735740632145,7.373307976559005,75.20742211037818,0.3500444829632589,99.31979516636473,79.23669689456823
TRK_02,9.831786816943213,7.297045177990596,68.77873957135986,0.3577498554004676,35.783673687597414,31.216338575501975
TRK_02,9.311613108075605,7.5725093161823605,65.31218714453273,0.37039774920404234,38.970058210281664,35.800416351737965
TRK_02,10.073760449153099,7.3807392981006785,58.29165495553308,0.356960912450938,296.3718788226829,305.0576063233399
TRK_02,9.014365155502965,7.394771286366166,67.28732825388775,0.3483835233252815,377.7575012587062,336.84574293099234
TRK_02,9.347363394493216,7.364944582946456,76.07144926362423,0.3221678657995784,388.2011330859794,306.18672590869835
TRK_02,9.552274736628414,7.266156403144631,79.59108476220051,0.31942478148276204,169.93097761808176,128.103024196086
TRK_02,10.194626124888906,7.599627141177846,74.11431119320508,0.3389087348660336,326.8649436961749,264.6168642199908
TRK_02,9.334161892162395,7.314046483328069,55.53152529581698,0.379264608403523,190.52001245911947,205.85065305973592
TRK_02,9.276076687626134,7.390718026010741,64.99306517158585,0.3694291173065593,352.4266880223091,325.351654449791
TRK_02,10.359782384437896,7.259325380055049,77.89219194784333,0.3423599921065343,145.77708572770223,112.29142388904502
TRK_02,9.26482554541881,7.273549402315773,50.122773442895195,0.3540400478208645,49.75694017179589,59.562075384935234
TRK_02,10.23485785047444,7.32503843200389,72.13377247891498,0.32883582073750195,175.2183338631244,145.74449208046744
TRK_02,9.985016129911227,7.4271288649169875,60.66415850408825,0.38244032105485576,212.8284881859258,210.49841629790313
TRK_02,9.3056760303282,7.5008156290618,93.23406390261087,0.28205689547872637,48.575675164313424,31.26046841531262
TRK_02,9.459709183476765,7.551255335981459,72.89541575206225,0.33660829843849566,108.58127854646844,89.3729275781488
TRK_02,10.581616115031872,7.172344171103671,45.69384545814164,0.39989164501598273,308.8538740949245,405.552044479846
TRK_02,9.13909062616031,7.583484515816314,60.14892642733141,0.330426975132922,358.8337073555221,357.94524890386367
TRK_02,10.274484167400802,7.51944262884717,69.95365512908445,0.3300566960966639,107.02159129954401,91.79356627074766
TRK_02,9.31733235338198,7.501044619712206,50.74639715375234,0.4050867092835877,352.52603529036077,416.8091392446298
TRK_02,10.46328444334292,7.315598777590138,76.27031333895178,0.33724797354731856,237.94923727809612,187.1888761389738
TRK_02,9.386465606328363,7.279312867280863,76.67279513300761,0.3528087051225219,47.78978300115637,37.39771029731213
TRK_02,9.372883535143712,7.291384546045743,60.70160632793722,0.36437613609206,298.549652528398,295.09893123634913
TRK_02,9.434697186010391,7.27911793646949,66.0037148517396,0.3249896522431427,244.98872248991523,222.70448538257534
TRK_02,10.24890015955593,7.338278007566924,59.97574613830879,0.3786449668479716,29.26427197332225,29.27610628386668
TRK_02,9.927346385575671,7.573454395008448,67.31805818211741,0.3661703558108458,60.95557612373057,54.329175056261214
TRK_02,10.424145375142857,7.493454733671989,69.3772049996135,0.34239352770600107,23.76432077429767,20.552272846186344
TRK_02,9.792286121966557,7.216630012542823,53.60201996811469,0.39713105232709617,118.2497131170777,132.3640935779124
TRK_02,9.986927042377062,7.275540638977292,63.31093856037905,0.3827417520165231,180.43767690383308,171.00142345710262
TRK_02,10.232197438168278,7.303841043356344,47.53137408053665,0.3964732736953082,140.69132673463258,177.59805533445765
TRK_02,9.439765656746944,7.394031338378334,56.587556488891316,0.3899807010298858,115.02241959237939,121.95870618476987
TRK_02,9.832304662279805,7.394865373141509,77.3633582874491,0.34237749086907304,181.26423698657425,140.58146466166113
TRK_02,9.102071195111218,7.514815668824785,76.71236770018857,0.32882654929930627,76.8138743043971,60.07939262514117
TRK_02,10.484846680557418,7.261526289774508,71.42860237799654,0.3092160188858484,225.14594348273909,189.12251058023915
TRK_02,9.686248272549017,7.328171221530509,64.56325216295045,0.3521207700466335,100.39332055577133,93.29764272319161
TRK_02,9.703055524012017,7.249370686115039,62.958322066636256,0.37473696024187647,212.4550312639252,202.47207132273206
TRK_02,9.740547937495103,7.3067124678015665,58.57859524082315,0.36690408373449124,163.58927785855235,167.55875812933226
TRK_02,10.540995191533677,7.184209993121057,51.64548752521216,0.37293943850169675,121.42128710891494,141.06319013792614
TRK_02,9.336001038539756,7.248884052638898,51.68675013877706,0.3921839979534228,222.8054584801708,258.64128568572744
TRK_02,10.14501457835807,7.266189675602471,53.789382583127114,0.3973592010276532,162.09219789221495,180.8076502551945
TRK_02,9.78973516062098,7.337584719793934,61.34368824535496,0.3569547184139872,261.4619185512794,255.73478807356616
TRK_02,9.125765634354629,7.525085519604884,53.544146459149815,0.3688800378920659,20.644383032289955,23.133490098350986
TRK_02,9.082378427250802,7.2031389986784635,60.77595507674206,0.3486708582122194,55.13586866503165,54.43192321247245
TRK_02,9.825022961120176,7.372765971426932,42.90082921485437,0.39793127938322187,391.93409547884505,548.1489789150345
TRK_02,10.371226070470051,7.362250950612563,46.62571341276446,0.39208342166196397,48.87387424014479,62.89303132905826
TRK_02,9.492768369015018,7.61040945180217,49.85651476549389,0.3913750798489256,309.42156014977616,372.3744769627532
TRK_02,9.391714731845882,7.470778254490472,61.42841083063721,0.3404179154751535,74.24958287450579,72.52303799219308
TRK_02,10.337119175561792,7.472508802081216,84.2620097060013,0.31962604066034583,95.66574843672899,68.12019943781296
TRK_02,9.364030972516948,7.449974101445913,63.61515707939604,0.37589698679209094,264.0384734867743,249.03355012444882
TRK_02,9.56251454043903,7.3826933231483025,70.2227080824558,0.3149412636023544,36.50904083260072,31.194217793251422
TRK_02,9.157482116139535,7.239618927491585,72.38543433089116,0.3110152348469831,287.2079861424473,238.06556288345314
TRK_02,9.089648955847093,7.2910047192831255,83.16427759650904,0.29660034568007027,127.70161260424632,92.13206652776131
TRK_02,10.422336657030199,7.3082414825436395,64.17424936339326,0.3474651751275377,264.1588881282737,246.9765278896652
TRK_02,10.263100870009417,7.330472665502855,43.886100306597086,0.3907985064786591,56.33856143653753,77.02469945100393
TRK_02,10.437670912123274,7.412858012219592,64.42361276119695,0.33447333667812895,103.07312438315918,95.9956636693693
TRK_02,10.518571029946234,7.315780057765554,77.2493476158665,0.3327985898089568,171.7574864234608,133.4049995690964
TRK_02,9.083555104443112,7.445599495400275,60.249289195733404,0.35519109709982466,356.81926070630436,355.34287504746806
TRK_02,9.440196984287468,7.569859052945821,71.90500435126503,0.36283788452577553,284.43529633364926,237.3425595894385
TRK_02,10.059985903177846,7.359434353098087,42.08952122781669,0.4152228592739175,82.90664806377958,118.18615984966888
TRK_02,9.558812639852992,7.47850340186393,60.65795984666555,0.3363445500645693,376.4814080959539,372.3976959142482
TRK_02,9.64794292648205,7.53745948037171,84.86782440872913,0.2814086167495765,354.9822764397572,250.9659783878555
TRK_02,9.598315682499246,7.362263028731236,80.15543176119778,0.3321153456457294,102.57185276068583,76.77971449241664
TRK_02,9.817381834004253,7.213356413356881,67.56798149259711,0.33897708497329054,293.3369283875922,260.48159667436335
TRK_02,9.108723619271563,7.23984018417106,62.4475205560437,0.35937979401811804,200.79607918100254,192.92623059466152
TRK_02,9.442462880398645,7.559879808816574,49.55368241168539,0.396379447510659,399.1454334081147,483.28852345470636
TRK_02,9.189233999599706,7.232584863213303,51.10359852594382,0.3969325952657741,391.7291008792982,459.923503054794
TRK_02,9.514150410004056,7.3380226385510525,63.38901851509122,0.3510660356081881,90.32251302012719,85.49352724111716
TRK_02,9.437313692460759,7.566223094016737,70.22977702886905,0.36553373347268914,48.08839130530063,41.083762477730616
TRK_02,9.741945504428118,7.613263517277643,41.803896533590205,0.38721793819501193,305.68743130381773,438.74488741717016
TRK_02,9.715226485340239,7.376062458565982,73.9257202437436,0.3178403340259744,330.56250625940817,268.29296096365107
TRK_02,9.50696981892442,7.547549009550058,47.43749292410283,0.36456466174165614,197.70928486566726,250.06711697263222
TRK_02,9.284073092288507,7.396350884956464,80.35801523917704,0.3083719197691409,165.07382108444912,123.2537816618227
TRK_02,9.18748361898591,7.266426873746905,76.0911824213754,0.3100071039971607,255.42572218664188,201.4102402342652
TRK_02,10.142501346867734,7.524471556631966,77.38979314806298,0.32680431693645146,272.1070388626914,210.96350910934208
TRK_02,9.937166952079759,7.389928791237084,53.354579339148216,0.34799887925636785,295.7732683599775,332.61242655093844
TRK_02,9.062301980728188,7.526144830904343,72.39604439048374,0.35402875666079003,352.8140244808286,292.40328870277756
TRK_02,9.624721546983897,7.359203584809672,40.7778421971979,0.37206517184694543,146.24390530523564,215.1814280873621
TRK_02,10.22578960684419,7.419044679942274,66.171951985055,0.3401155927906493,154.66626716043044,140.24032465782057
TRK_02,10.313234084374038,7.37044658127928,76.67322346383452,0.34734528101419043,213.02382284042028,166.7000393749456
TRK_02,9.723915130168958,7.418253573342401,66.53495497077961,0.350072667811468,165.41806509518693,149.17097201117892
TRK_02,9.191456239699413,7.398035522590655,63.48600582029295,0.3559129756722219,76.94691150258444,72.72176963256565
TRK_02,9.486698323051707,7.354109997383824,69.93073585572968,0.33512213662164697,334.1756973911373,286.72001800229054
TRK_02,10.305831269783377,7.345498666252162,62.42943359361575,0.3551546230933426,317.3727760577741,305.0222542050067
TRK_02,10.215872672212143,7.309600029349502,55.29885588500204,0.3777958266029089,341.3207910949234,370.3376342592598
TRK_02,9.984034914370808,7.259545084016932,58.34104981448087,0.3587743200102794,128.20980297242346,131.85549802081252
TRK_02,9.23339873521351,7.201575331793681,70.5024397910913,0.36550323654784156,79.85604779774684,67.9602419726508
TRK_02,9.09151139062033,7.307441886614162,68.25335440586662,0.37031373637938664,221.43477993861066,194.65837118145586
TRK_02,9.737218121469283,7.4890931564306795,62.87797515888797,0.3719579040702602,151.2928044477977,144.3680119140211
TRK_02,9.998186986464718,7.309207434990981,58.084409026357534,0.38556662917449386,105.40832943390642,108.88463654961961
TRK_02,10.176384833330427,7.44621830855015,51.88150974184389,0.38198257560465976,169.2180145441195,195.69748303716815
TRK_02,9.962899065662947,7.542596458076833,54.01232489507384,0.3582874880110106,66.259167844859,73.60449820322633
TRK_03,10.537066557031599,7.420039284568544,63.053269784445995,0.3746463881731759,275.9368483057243,262.5749775537819
TRK_03,9.569902474151247,7.470098562234615,75.20896774962013,0.32534836150500795,160.3115661793954,127.89291302049959
TRK_03,10.105212168865112,7.462010774780191,81.77461968333304,0.2995097492582689,78.28193959206652,57.437336837670394
TRK_03,10.485707286626265,7.462436814438775,76.34653804262338,0.34532350350225893,206.59267235008707,162.35916727599263
TRK_03,9.862053739309848,7.285161545433914,58.33202447316747,0.35834315146150486,349.3137332188044,359.3021874762679
TRK_03,9.814249567715612,7.413451884312871,70.94502529191581,0.3118864746313492,63.43384827715931,53.6476078621295
TRK_03,10.419248868068166,7.460441295310472,49.20147015183116,0.3785299136917332,74.34888446873723,90.66666208058842
TRK_03,10.452335245124331,7.289311029379807,64.2438828654749,0.33207801773443585,242.79643789196444,226.7575623351168
TRK_03,10.595995849637747,7.503870326907369,82.56043039841259,0.33835664423051803,346.19101828037225,251.5909982128886
TRK_03,9.131912772316687,7.385820192524146,53.59524036149184,0.3444955769272785,240.29476081231925,269.0105604806329
TRK_03,10.40371843505974,7.393088868206176,60.10829008658855,0.3495916455058288,199.25877901753148,198.8997977455263
TRK_03,9.683762236549907,7.466802561162935,77.08559601829344,0.35030362502460066,312.46194769772654,243.20648513134034
TRK_03,10.410003169373855,7.591055249259061,85.18840673413015,0.3365079089146275,76.56458593432468,53.92606027245931
TRK_03,9.379735489347434,7.282752284309694,52.27611665983234,0.3588288902282018,343.6082127233619,394.37689868120805
TRK_03,10.349429501635441,7.415010271569871,57.901864625613506,0.37788050393848127,394.50518278966416,408.8004958118229
TRK_03,9.681906655379743,7.5900070502644335,65.59359189002066,0.3784269467955559,248.21197551514996,227.045327169753
TRK_03,10.318050272916796,7.273443994297473,62.49711266215163,0.3417152212536145,190.07451752597734,182.47996692597945
TRK_03,10.114301590347255,7.254853519166037,71.3079803595595,0.3168270694952893,93.88764600470456,78.99899466900388
TRK_03,9.987122772986343,7.444274397481174,44.52371257631624,0.36310104424628425,128.2428487151364,172.8196162824302
TRK_03,9.666961442175614,7.611017760426901,79.26172489983652,0.3106167445274587,270.7000438194335,204.91608843601523
TRK_03,10.063063303455316,7.524912122514808,76.83735063697837,0.3487148148346869,159.6538815015798,124.6689638656637
TRK_03,9.880633084901714,7.460520375941157,46.61225951412471,0.36257215644796453,61.70778766876632,79.43119039324917
TRK_03,9.861064972979007,7.30003858420282,51.279270084879826,0.4063000287108999,214.55446608252788,251.04234018236303
TRK_03,9.197352827268872,7.455896764285501,54.28431411798139,0.36974724005188353,342.2979952463269,378.33912150280906
TRK_03,9.842864797010712,7.597558920975892,77.8374658379277,0.29453429803289466,226.7890561918944,174.81739962920585
TRK_03,9.015319007933101,7.221394779653597,90.51218646566062,0.30158310762816515,350.650946707275,232.4444654799992
TRK_03,9.332748135731277,7.3595714300501065,43.898626314455285,0.3981549258378303,338.90583406215876,463.2115341849244
TRK_03,9.223047485346964,7.322546025667503,80.62865489009837,0.3391965399054877,316.0786160307072,235.21063308934603
TRK_03,9.043746069716398,7.626476316515593,69.45075872820614,0.36442823310163386,118.03698933987394,101.9746866712937
TRK_03,9.856096679409601,7.388616281741258,48.65796864837277,0.38313051479899474,374.37055393010417,461.63524412886557
TRK_03,9.518454672713366,7.279250087558577,64.16271450965601,0.374458353880586,213.74452147163385,199.87731794558056
TRK_03,10.19836704534071,7.2968933134081295,62.793270305810275,0.34982978148567867,304.1610959503444,290.63091742383773
TRK_03,10.45207608592223,7.556435293059378,77.82613730850878,0.3075115170909326,114.59329872282186,88.3456144831384
TRK_03,10.217765675986309,7.3032085299865654,64.20988452839812,0.3486767600634185,249.02365686887777,232.69656255999837
TRK_03,9.51335911678839,7.333474208750621,64.7004409179001,0.34517967636440955,318.61439412513573,295.46728548211877
TRK_03,9.896714960892371,7.538734665416879,59.960100091249764,0.35774967764733784,335.6506864495843,335.8740421768248
TRK_03,9.373197264403977,7.335579162769987,61.36565420299555,0.3358514917848008,236.06735876969194,230.81382754149962
TRK_03,9.846485939191012,7.5770970413505765,54.12602117763874,0.38733818007789,240.10947807168031,266.167147905057
TRK_03,9.48508387872491,7.3090296245485415,73.77731698514393,0.32728495725110607,43.57405906213392,35.436956107450875
TRK_03,9.926068841789723,7.3522546302052785,75.68809239095141,0.35155471212696465,360.85768617360145,286.061657606323
TRK_03,9.350304472513795,7.430305255665471,41.46676276197067,0.3996066507332932,134.541222085036,194.67334287559714
TRK_03,9.83759827162426,7.466269656917828,62.430663109410986,0.34267069794115995,107.3763189864677,103.19575058649166
TRK_03,10.54533382544656,7.4579093110003445,71.07465349822596,0.3332601129138002,208.95299853977735,176.39452737816828
TRK_03,9.121897599390504,7.234736052361936,58.100752628258505,0.3436124845532098,54.00660869012788,55.772023163631765
TRK_03,10.230829453934877,7.545713333158687,60.75821336582679,0.38093889898054195,322.1680578217941,318.14766100709227
TRK_03,9.41305932148772,7.501314302039726,66.19354924679345,0.35060250068648907,332.0397792922036,300.97172585888035
TRK_03,9.617991015868773,7.328035583270396,70.84159564555928,0.36824351799433175,193.14273997661,163.58418091791006
TRK_03,9.332257262617595,7.248297841081833,73.96530812258554,0.31779263271016284,369.0997253654787,299.41041393656246
TRK_03,10.334382616059266,7.295332912625205,71.64172700290058,0.3387859678411239,155.2938455096204,130.05871187611066
TRK_03,10.232109954315662,7.496072846611237,62.80889607300208,0.34969404293030315,302.48466596897595,288.9571556399285
TRK_03,9.899187990122645,7.592629393345977,44.376434077097485,0.40071137727652145,270.45153621013264,365.66913295502263
TRK_03,10.145003923577375,7.2471714539547225,55.43713110475657,0.3835886337523089,207.65827984906704,224.7500284132666
TRK_03,9.790707790674311,7.3752849425642415,61.163009207854,0.38401654597551477,185.06192672452553,181.54299056374245
TRK_03,10.177077562455521,7.1877573463819715,66.22051212699861,0.347560128963833,115.92521386042854,105.03562428339929
TRK_03,9.381940835321615,7.4730172811383655,47.57195610847729,0.39422719342977036,247.42517376938326,312.06432614019707
TRK_03,9.736351855510826,7.421601945040551,60.013900643148204,0.3407612074568038,348.08457875846256,348.0039541121246
TRK_03,10.598308292449238,7.518821592104782,48.156059966846804,0.4132525647975306,45.824227497994244,57.09465541351442
TRK_03,9.708897932651338,7.3755049162066735,87.58182553730018,0.325594444029086,134.31537173163844,92.01592059149414
TRK_03,10.230653440489643,7.263097096392193,59.46089581074264,0.3648213548840908,177.2901432665574,178.89755024631856
TRK_03,8.999028260463914,7.584941650361278,56.98993435050603,0.3834999775704943,68.6768260611858,72.30416407094107
TRK_03,9.233459524719475,7.554220285469802,90.23076667844768,0.3287390563105013,398.7044336213426,265.12316029111804
TRK_03,10.43671382481141,7.234881015835069,73.29748714260062,0.3422700522588971,122.08624292227775,99.93759487396208
TRK_03,10.405551926548982,7.2277597338889406,77.08925861920841,0.2978292913477584,270.86475229604434,210.81906129154498
TRK_03,10.14805073822325,7.2564171145376815,71.99777496141819,0.3484189530048267,101.0645030339404,84.22302196541352
TRK_03,10.61771668775903,7.330334098927344,69.9699962484997,0.35911586722822986,265.1770555182493,227.39208495292888
TRK_03,10.44208608143522,7.42558790249598,47.465305194638425,0.35609589054264995,342.1071969349494,432.45127639915785
TRK_03,10.295800381962433,7.421815780564704,65.93769002077715,0.3352972648426342,311.8023282711551,283.7245237188976
TRK_03,9.023553881046103,7.385259351495159,97.73364713462693,0.27831143228860783,205.85308524402325,126.37597671585698
TRK_03,9.507520303960813,7.534698892694303,64.85185571403584,0.3467582668553824,68.5358154377389,63.408346314665984
TRK_03,10.511183386047556,7.510691750218488,53.808409256713645,0.3842337817173639,64.14926711682682,71.53075290976712
TRK_03,9.414319899177169,7.326856006059392,48.35286626032792,0.3969522777074832,342.4892092405715,424.9872684650841
TRK_03,9.19741515221517,7.491530411251285,73.68505874953054,0.31843232450279874,232.56972500801365,189.37602462819132
TRK_03,9.345250531475113,7.443835552478117,69.84606267610646,0.3340395701534035,38.836634364183496,33.36191007153427
TRK_03,9.44363285696297,7.560125160332733,78.82055557505673,0.33202198665647725,214.67505250956012,163.41553363333213
TRK_03,9.077893151753843,7.168499425472646,83.19806057774878,0.3382949833156015,202.28518563794788,145.88214020848136
TRK_03,10.51571531234849,7.598154722139407,68.76994181348275,0.3672470727721152,155.40911210703774,135.59044083114424
TRK_03,9.062160186028274,7.561189823631346,81.75697843422024,0.31108124931498676,35.55146002582623,26.090587524168427
TRK_03,9.610071008557554,7.367656288591788,89.56600768631309,0.32175629917742743,375.1645163635096,251.32158464232177
TRK_03,10.531456383331694,7.277951963758535,71.81619370878289,0.3285961489300094,200.07571489378705,167.156490391374
TRK_03,9.92228033155077,7.2042711061332785,87.2066782969977,0.30655820417757307,160.91875941260008,110.715437777297
TRK_03,9.933699289437017,7.279100223571992,57.78459754471466,0.38030335572836943,54.566130681250414,56.65814040396449
TRK_03,9.363296568548169,7.3605765188148835,70.79999402380724,0.30933747100011794,129.01130137879704,109.33162056659125
TRK_03,9.346716875337126,7.28969298292023,59.12246633607246,0.36373690322445384,306.6592341677072,311.2108677177476
TRK_03,10.44485366666038,7.346829734922972,77.01647829731476,0.2966825827101145,194.11481780940613,151.22593665738214
TRK_03,9.348332032013342,7.428043456685612,55.09531475230897,0.35231099352461964,135.52827920040806,147.59325341151074
TRK_03,10.432631268719451,7.353046393340072,41.376768870810544,0.42160043540621744,390.84800086741,566.7644113358534
TRK_03,9.179503458887595,7.170226146512903,70.38341705030135,0.3427064586184557,131.23953018144883,111.87822559480601
TRK_03,10.47116941147031,7.595947968963329,92.66575613696007,0.3048440926050249,327.8613112420122,212.28638813938966
TRK_03,9.29678029301052,7.368923576325658,77.37271697371185,0.31771230388279526,143.692874155541,111.4291030036043
TRK_03,10.282015714401316,7.322549427085268,48.22440668388731,0.41111514379567143,334.5829521775277,416.2825115142183
TRK_03,9.931330802593573,7.274536763957298,93.66573282972622,0.2710023518753655,184.2567470829455,118.03040974519693
TRK_03,9.68146701237372,7.40152982701139,59.487008996411994,0.36432571341310044,146.01213876228795,147.27128617721706
TRK_03,9.147357172191477,7.29945271354208,76.38678306390933,0.3304744361056189,317.91566676254547,249.71518946927765
TRK_03,9.215076919289526,7.410729614547901,84.14370949448511,0.28796375562200405,98.1255457636359,69.9699690112192
TRK_03,10.402903295555497,7.519988322633804,96.97538788501194,0.29527739224069316,58.448552202948946,36.162919361923464
TRK_03,9.634017173574755,7.473068308961519,59.837058137616694,0.37236844310291406,65.31371459917179,65.49156990535153
TRK_03,9.80462747522493,7.240466864316901,78.23718870822944,0.347554392337043,206.8975554147735,158.6694707446799
TRK_03,10.006130419423034,7.499986885255377,58.54526166356086,0.3695369296392723,306.90703662146115,314.53309241504314
TRK_03,10.226560608685148,7.549960722118199,42.80300942028351,0.40264856026687273,125.46808440645688,175.87747138218745
TRK_03,9.602590791807422,7.244914828554175,61.0926443136117,0.36875755809581146,352.8753347370397,346.5641456856215
TRK_04,9.400057104646825,7.593875570456413,68.55338819552874,0.32384997213453554,337.28990463931035,295.20633204353516
TRK_04,10.373261991727956,7.338454620166661,67.36923795962569,0.3314666899326419,53.979131846594456,48.07458135026917
TRK_04,10.080624697901138,7.283101047721724,76.40495354247878,0.3074114893180112,151.43459567554555,118.91998253072894
TRK_04,9.65084422511408,7.195157559717439,69.58095144357,0.35455964979144095,30.943102120947934,26.682390636215477
TRK_04,10.325737894957456,7.509415173031975,55.91237495125041,0.3964487479822154,164.02971433223178,176.02154922796402
TRK_04,9.395068989462105,7.461158524316347,85.75206862127399,0.3284761879640763,78.592942348069,54.99081965836409
TRK_04,9.795330439103813,7.446962446412343,46.99919860486701,0.3600394161444266,116.49816688820998,148.7235999928041
TRK_04,9.442330992909199,7.324442477386666,54.166188632586355,0.368103683725117,225.36446277091588,249.63668494334863
TRK_04,9.338442964089946,7.509353061383622,45.74763829209493,0.4058934323325169,30.43327146223814,39.91454763359479
TRK_04,10.07219146293594,7.594009620371451,76.93016567208548,0.3401981608608002,81.48910057197462,63.5556415562563
TRK_04,10.139654886924022,7.574493807106382,80.86329049750859,0.30528199995489264,198.07772808588095,146.97229870356347
TRK_04,9.3910682947026,7.210156177057152,42.52814649011664,0.4034930092788086,25.9780359556701,36.65060168334487
TRK_04,9.45628462043489,7.36412874260598,76.7060512624375,0.30443419708415786,351.0425762037141,274.5879135423186
TRK_04,10.452854443165709,7.518774380866904,67.4368231845935,0.34384074837998135,259.33345135520426,230.73458010796497
TRK_04,10.482253609266959,7.557077213842587,60.34488755773395,0.3827874737546684,199.88107338813325,198.73869831663907
TRK_04,9.867681661087978,7.34904165330511,63.26612708570142,0.3748259694459519,328.87083394717206,311.8928081388745
TRK_04,9.120373251471484,7.5717706758739745,76.32610841181598,0.34896765497762783,60.03090226960102,47.19032859296756
TRK_04,9.804295866542391,7.274536269831961,68.10645813649843,0.3323831679302229,220.39558889793153,194.1627225331992
TRK_04,8.96650222293991,7.220809322321827,54.47197042032383,0.36430719672580647,267.42786254949385,294.56749277024306
TRK_04,10.554055788294779,7.572727128959056,72.99438386301475,0.327272186241946,267.42596862674225,219.81907741993558
TRK_04,10.135337315524037,7.357977937963937,44.1683438559958,0.40166128013355207,196.0929665053639,266.38032951114764
TRK_04,9.382858428914767,7.455196535067028,59.836225828570115,0.38009671449525406,78.81639857937185,79.03212225167374
TRK_04,9.922615257012193,7.426789696594139,73.41762293877935,0.31662574553006295,167.33429192046415,136.75269115699834
TRK_04,9.472936394085298,7.539257715968085,48.330241248943395,0.36383315166246183,324.4425257104772,402.7820064534483
TRK_04,10.480724325408335,7.573377384513609,55.97789869418348,0.3662739113979061,92.08722919422728,98.70384349078378
TRK_04,9.909676958503148,7.266137002879515,59.66419731934911,0.3845567631563024,219.77861126765168,221.01557162460387
TRK_04,9.233366222953784,7.300591181601104,66.99941369316934,0.32307236824622587,217.95714559751715,195.18721157382734
TRK_04,9.076546441271972,7.3424652408193305,76.72404325221373,0.3556955010064645,397.5764918746004,310.91413462217065
TRK_04,9.944912772955114,7.511090167542297,74.44652233419214,0.30767408339965674,345.5782489490972,278.51797890393476
TRK_04,9.834877737851548,7.453836030955234,83.31552820461295,0.33500645048239774,48.578512372926895,34.98400364476396
TRK_04,9.467022360953722,7.4980831002705965,75.81871250579435,0.34727252341638204,334.43806584536253,264.6613650843545
TRK_04,10.471629802584777,7.369558917906458,68.18416882172319,0.32180265090848464,310.28125652838133,273.038092469518
TRK_04,10.40705529692363,7.465725693208693,59.63854381048496,0.3527187996680259,112.4185411405881,113.0998853672453
TRK_04,9.910380351456947,7.373356894685081,57.991385587307995,0.3562201045090185,73.78377007222244,76.3393762625021
TRK_04,10.599009891180692,7.392900762696865,96.77501341230499,0.28397541807851256,290.4536349142494,180.07972802449734
TRK_04,8.985241729966244,7.511129718749425,69.71846072627523,0.3223825288911713,128.60113092121202,110.67467317683793
TRK_04,10.56716744849464,7.401284751311512,79.74940579848185,0.34776862369040334,31.73484828723968,23.875925822517267
TRK_04,10.106050128450944,7.183376708932546,67.05970357221713,0.37094587048124694,223.67486719644245,200.12751797111525
TRK_04,10.22814203512317,7.554443327260138,52.550244840419055,0.36897993142329866,293.06948692755196,334.6163137593651
TRK_04,10.372910204422663,7.416194314921772,42.1497610948555,0.39094669940757076,259.1473272273893,368.8950833825993
TRK_04,9.718319286367267,7.437819818255912,41.79763466776416,0.4077196948924493,122.59522093613806,175.98395972969433
TRK_04,9.541712551021725,7.321937076478688,52.59849775904318,0.39274583572624056,235.4985492859075,268.6371961017673
TRK_04,9.86671864953987,7.224423409600208,63.114882394620864,0.33615360796858423,320.4603592354331,304.6448131505148
TRK_04,9.072795420404262,7.4570291964816,53.37337041903466,0.39962925519897563,327.2435248525893,367.8728050524803
TRK_04,9.81694795597423,7.459737054333984,76.0192549058169,0.35746924549899317,327.617479591688,258.5798663753694
TRK_04,9.964949004609945,7.258802968404656,70.22375188098144,0.3451656389970114,194.1601090566681,165.89268205356493
TRK_04,9.075506071571194,7.46192372845318,68.80243199266064,0.36900296906112207,337.25991600094716,294.1116232957495
TRK_04,9.060942451682763,7.551741190050215,69.44892001281679,0.316888214311533,54.90380553106517,47.433830954548476
TRK_04,9.048203484124434,7.210165896498979,86.19324692959704,0.30087612573819916,374.0739718056822,260.3967144511174
TRK_04,9.64297821639797,7.2309331481312755,64.07476060040474,0.3412475587541032,392.51522976245656,367.5536758165996
TRK_04,10.19000558626388,7.516965930647447,53.10096182892448,0.3942672242376749,282.1272231007659,318.78204844164134
TRK_04,9.385115775155235,7.464712146466464,45.93507551278873,0.4001358252389031,391.02210745716735,510.7497089211969
TRK_04,9.444265757244297,7.269068376255447,74.2973408345766,0.30782108835867955,193.6676337211722,156.3993797455342
TRK_04,10.26505653447821,7.375838098875715,32.081628466489796,0.4363713742312476,307.69454273061837,575.4593344013339
TRK_04,10.266352772975564,7.389285664017417,65.29997298450375,0.3453139265557397,68.07871748935457,62.55321193364988
TRK_04,10.063928672872171,7.291567357338452,65.50993193789705,0.37790430818492404,28.913646742444453,26.4817677751713
TRK_04,9.32068937626045,7.430835949855503,67.76839611690282,0.3629284677239842,28.254434739552284,25.01558516227453
TRK_04,10.448539799439565,7.331928226772991,72.95409970356054,0.32963236110463917,209.85904967849126,172.59541316901402
TRK_04,9.597858940886697,7.493956761569101,78.57589856868333,0.30589710631768013,64.36479955368044,49.1485053759219
TRK_04,9.506847384117467,7.318500547835302,46.84309458522742,0.36487082588945413,136.655123479543,175.03769726089655
TRK_04,10.176292498816615,7.575441143579968,55.63147048532372,0.36106854955611667,57.56634434685871,62.08681220681964
TRK_04,9.872834123233215,7.426201674449202,75.1169023116304,0.29976721881202045,164.63619063009918,131.50397758450305
TRK_04,9.62691826530722,7.302319996043991,76.56378757443221,0.32524396704116393,152.41784005772348,119.44380879241302
TRK_04,10.06783902731397,7.479738618862565,58.15705214779403,0.3853753789526119,327.63329117883,338.0157133957391
TRK_04,9.494222635689953,7.4815443578065794,71.17790892637454,0.31780257567059117,226.58146776621197,190.99869989205618
TRK_04,9.512671588064002,7.5132132400291605,70.83935078683173,0.31043244310071083,278.5716814878875,235.94655659069446
TRK_04,9.027665705048562,7.260062454136693,67.55792794560016,0.3166360875643419,364.1676643314304,323.4270280977268
TRK_04,9.22535390192254,7.502641231419647,63.601204778720316,0.37442795894190944,318.46546783390517,300.43342946905057
TRK_04,10.051973045030607,7.26647404585732,37.629167313659295,0.39699065763607866,110.72475058946833,176.5514761459133
TRK_04,10.330805182448113,7.269116897586861,48.52129388090467,0.409794173961721,343.2005761655594,424.39170357815755
TRK_04,10.347364435721246,7.283127790064898,58.87202833418005,0.33972597562411727,91.75105049290353,93.50897506580507
TRK_04,10.375198650226226,7.234329436544863,45.33868282552702,0.39139650275989535,238.57974312914797,315.7300498304117
TRK_04,9.186418122433428,7.296119654665017,69.7630296782798,0.33580142598872603,217.0046763105242,186.6358247151244
TRK_04,9.06879407356218,7.386962342493774,45.492437434903174,0.4007808920378443,215.3517827857671,284.0275811916062
TRK_04,9.645789902134235,7.513573930634359,81.31944122662418,0.29695911596729085,196.0709498483175,144.6672138107044
TRK_04,10.560621319959504,7.549987556035343,75.59429217598002,0.33097606817862074,174.81384054989454,138.7516190848928
TRK_04,10.36058432453523,7.4877698717955035,76.15351226392607,0.31643796427110615,238.74143826073302,188.1001397020199
TRK_04,9.523935927688383,7.511622563063383,53.12553765218871,0.37041578137157094,229.1447216102877,258.7961252576769
TRK_04,10.139726300252915,7.385688374026981,60.77629063293421,0.3831110808568055,41.255660020221846,40.728704819506426
TRK_04,10.444488857597607,7.3597680652246344,77.1256889950394,0.3223948746443426,362.23342610111985,281.79982375865825
TRK_04,10.185293983167115,7.317613774449619,54.09132233385213,0.3829429297317053,53.17594844983351,58.98463504548594
TRK_04,10.265660893536134,7.230742703843067,59.42869912835094,0.3542683009528542,24.410728195414816,24.645393777872023
TRK_04,10.023737214203358,7.366435350778083,61.69515917211111,0.34469877434050633,249.2065801654692,242.35928735049416
TRK_04,9.329189257925666,7.492840666854646,74.9648748769912,0.3246447552687164,344.4228439539834,275.6673798382044
TRK_04,9.082653703041931,7.280776163112171,64.01772827707505,0.328314821441111,395.3195225956215,370.5094197200871
TRK_04,9.836714332527421,7.4582896519015405,66.06935424614808,0.36400914255209166,370.79469812264944,336.73224358259915
TRK_04,10.484426249274028,7.377826768771986,74.13251376429321,0.3262453597812058,304.9693961226734,246.83047745473766
TRK_04,9.238330812087977,7.4102567404795625,62.17058521039645,0.34868409486786905,380.3478404253901,367.0686120822809
TRK_04,10.094696478193544,7.450765961234921,65.21398739187312,0.35490217315550765,146.96717482457666,135.21685825598652
TRK_04,10.125074467388213,7.4088285031072765,70.64159898458152,0.3366901515779577,69.91756282457855,59.38503416931913
TRK_04,9.602569633338485,7.512749157915563,64.01124912927298,0.3586625969760157,115.02650896518561,107.8184011684123
TRK_04,9.598469952182324,7.388019330846445,41.98985824752555,0.39757586373561804,35.65008523059752,50.94099392350061
TRK_04,9.238397837146662,7.341057996263997,58.92870823944001,0.3669955261608323,109.46931338713179,111.45940577112374
TRK_04,9.717392484672585,7.242241449104912,59.879039060601045,0.38764867894744776,347.03743960860703,347.73848584048096
TRK_04,9.689523228090337,7.5330414521163584,82.34316504464891,0.3049753060143444,114.13146618389946,83.16279763257629
TRK_04,9.08111809448817,7.532857603983324,66.22910496101933,0.3736938533041102,323.6081104962105,293.1715088283414
TRK_04,9.542315323920587,7.307622535104358,75.27140797165289,0.35186878587375453,193.64575449016206,154.3580169748562
TRK_04,9.979750232670153,7.568051661340088,90.37946392262535,0.28951091638638116,322.24859934472386,213.93041208162313
TRK_04,10.230651909513577,7.261028178715235,72.43074567083097,0.3282158772445296,139.10792927457234,115.2338786405122
TRK_04,9.097087321457087,7.316361550810161,62.74354552836421,0.37207257072445654,379.03378828377504,362.4600284462026
TRK_05,9.466193518027385,7.549585822930438,62.03564522172848,0.3820210378470198,64.21496357707134,62.10780593726738
TRK_05,9.1133290495854,7.448968578956469,58.42869167138365,0.3557005550440978,266.12048578458973,273.2771980738288
TRK_05,10.140222212166808,7.266060118965394,75.77666466166866,0.3035148930107777,314.80994266439177,249.26666598745447
TRK_05,8.991631831365243,7.299228063618901,43.172722785226554,0.3719380981594626,198.20754590412375,275.4621897119945
TRK_05,10.15262277562002,7.569101640798978,50.77093913989804,0.3998302314232394,380.1197597412052,449.21732729086784
TRK_05,9.758375765778132,7.352973944823346,75.32990636076542,0.30362316247363025,155.46578979551157,123.82794348711724
TRK_05,10.111140393987492,7.367452849633021,71.45802859789714,0.31984301562335615,20.98829660715523,17.622901458918392
TRK_05,9.368845136992135,7.244666982125775,67.9327492787054,0.3282185758292936,223.81516104248777,197.679466901228
TRK_05,10.06072304561165,7.366966140748334,66.88292948918944,0.32651764299713615,56.93728688825518,51.07786455208263
TRK_05,10.02844164751266,7.251153300890376,75.95210347867437,0.3234239727912982,306.4274781233077,242.0689861810178
TRK_05,10.168441549016888,7.353509881828869,50.01354014519091,0.36336573509510905,173.275718256238,207.87456887060551
TRK_05,9.604791944929008,7.445330837862477,61.984564161536404,0.35925804712149173,229.55588200488646,222.2061751438439
TRK_05,9.593319778397513,7.45080772724632,75.39769305847392,0.346555949950126,50.07279244643506,39.846942590884
TRK_05,9.283598084057726,7.381590341367429,79.51809482365181,0.30470514678410066,172.83471646530123,130.41161273941393
TRK_05,10.096085840161725,7.251723863799977,93.69718703274611,0.2637654873031558,251.41868894075384,160.99865763497414
TRK_05,10.11766307388425,7.43833046358585,51.02326532291955,0.356968787477848,241.64826525458255,284.1624467488183
TRK_05,10.217733742684349,7.358259072597712,71.97211974619873,0.33242179266489125,168.2752415556971,140.28368941954196
TRK_05,10.097630224518522,7.351924578020884,78.59992885599036,0.3501031399472882,186.01717159227604,141.99796943818663
TRK_05,10.284959063599262,7.24871063886463,67.54710424729865,0.3156957452633149,294.9443406430762,261.9899200089292
TRK_05,10.198065145664943,7.408101733692155,64.79021913364069,0.323015116286206,366.5549072439404,339.4539288294668
TRK_05,9.935820639881655,7.408750827443182,65.82360999479246,0.33908646788358093,332.6821985412039,303.24881777300595
TRK_05,9.273598515091608,7.359719934548789,53.707636071747054,0.35324901865264074,70.7485895131974,79.03746433972888
TRK_05,10.377230467419038,7.513485356285098,82.96274956557129,0.3412732997301263,21.252342419378902,15.370037177406966
TRK_05,9.387916845211105,7.40943956626468,67.27527934259048,0.31734682264663183,264.544796582038,235.93640858914478
TRK_05,9.46690134833926,7.429838064309082,81.49524815695914,0.31458594900834325,35.89928811232773,26.430464787237177
TRK_05,9.137500096431106,7.242308180973316,74.72797346305373,0.3418643193870786,125.86723237013706,101.06033379778492
TRK_05,9.861771613755044,7.571464353878277,67.6257610447512,0.3298526752183032,356.0803912125918,315.927290764497
TRK_05,9.74618448756927,7.337455223811597,49.43968477970974,0.3804650479490069,83.06401685797263,100.80648842493729
TRK_05,10.57336754817546,7.249488743848488,78.8127959434052,0.33799697054605515,386.13737770687214,293.9654961492452
TRK_05,9.22758045704341,7.393225413681236,49.601681905115505,0.3853735296170413,185.2885423877881,224.1317656230673
TRK_05,9.926124109441444,7.411078047412588,92.11146539480598,0.2973891682932519,153.85882803122888,100.2212877876361
TRK_05,9.235734770377007,7.376456596931543,68.50175965221014,0.36133560389268093,47.47557676173878,41.58337859007717
TRK_05,10.20722023240453,7.5308540633531855,68.06924318076824,0.330048030048535,350.1116326430065,308.607779034562
TRK_05,10.440785158117594,7.347276754850174,69.23476991228766,0.3317576536656033,187.97841484634546,162.90521229534704
TRK_05,10.339263696211393,7.482080001431305,55.98088889974099,0.39353550145459004,274.3754860963087,294.07409366546676
TRK_05,10.004264315596878,7.340814911343706,95.63145091770133,0.303264318650557,128.56043901666507,80.6599321350683
TRK_05,10.442103009694359,7.296799437237172,41.82020922072819,0.3724808625913839,363.3617383589698,521.3198285658544
TRK_05,9.292488838621267,7.485217964709443,56.46448568533215,0.3631265594690193,212.35966257214247,225.65652727867572
TRK_05,9.047958277985646,7.286809864775651,57.083483049587215,0.3699349525540183,109.45943681373083,115.05195299871144
TRK_05,10.299518909244284,7.347389312882846,74.75974270015976,0.34049266232480635,96.33176391267662,77.31307821566706
TRK_05,9.748318250111671,7.466217927442157,74.63198911580055,0.321355788743218,160.0926583743725,128.70566115500637
TRK_05,9.72581920069554,7.338195540812619,72.1655987213742,0.3231917707517169,347.6394011617369,289.03472623066216
TRK_05,10.356232775248166,7.423226997825648,62.36743438614708,0.3409152818415462,98.01594525362684,94.29531249924041
TRK_05,10.409862713482207,7.48737720547894,71.06429122792353,0.34854187252148866,338.0077984046622,285.3819767122487
TRK_05,9.351420211943507,7.403727602006592,61.10942337426776,0.3331487427622189,375.58493809091624,368.76630544257694
TRK_05,10.072267947269738,7.612523725022624,67.63723490291206,0.3319148505915,84.73174368824884,75.16428825915898
TRK_05,9.554184894800265,7.497889224208517,72.26929144718869,0.3217480837209457,287.71838788446763,238.87190433689523
TRK_05,10.245739455278956,7.543136523311653,50.301775829169706,0.37556545375046396,389.7071276132776,464.84298558774384
TRK_05,10.408606578216686,7.556158116251756,66.54763754900488,0.35276041757583043,390.6697597895713,352.2316711861215
TRK_05,10.29016796541846,7.435411443095045,68.02803974805032,0.32062995724419535,59.18125043390888,52.19722689622702
TRK_05,9.594711697614379,7.287352000118154,84.79317415561391,0.33893012620454754,177.65078996522493,125.70643219879736
TRK_05,9.53066405288341,7.3866336310894045,78.44428115154602,0.33742544183720297,250.2794972258444,191.43230855210285
TRK_05,9.94317969140161,7.507711154715262,64.16891555687361,0.34722852269851184,88.61221778303513,82.85527378547998
TRK_05,9.728692260081425,7.257784760573172,68.21188069389851,0.3731095716295338,345.63179603136643,304.0219321168339
TRK_05,10.007070034419367,7.497748259299897,76.96622528460001,0.3467543639018018,105.0638127453526,81.90383173153322
TRK_05,9.645706189244706,7.353010374225016,77.09753004572258,0.318138139979817,51.62420517928802,40.17576579846775
TRK_05,9.805993006196749,7.485155958555573,85.47024171198191,0.33781413027548474,194.1749138401499,136.3105403360025
TRK_05,10.295394772594419,7.259795786524146,84.84206869659644,0.3198386077127529,223.78096897969954,158.2570810101028
TRK_05,10.308333856366454,7.421473743874869,81.40968422517346,0.30123359044178555,139.16020473722432,102.56288749553454
TRK_05,10.368320950393455,7.485111081809274,44.38225497082148,0.3614811044582866,387.41206503876276,523.7391366799118
TRK_05,9.250868280321136,7.4297727701159895,72.68246151002431,0.3563775200334873,246.48198722875,203.47301022111535
TRK_05,10.478456227973659,7.459682386160467,63.59053022806863,0.34589257003100066,390.7669227592382,368.7029386524175
TRK_05,9.595163344758182,7.402179532457374,61.2088926714301,0.3424150029590816,115.27228456676534,112.99562485361206
TRK_05,10.506690831170983,7.438031913575976,60.81095989644233,0.375391851972878,46.73901060336433,46.1157107366418
TRK_05,10.421548294401026,7.561766335710913,56.57584008262743,0.34059257068600685,337.0085400122571,357.40542908782146
TRK_05,9.883690853141342,7.297481633922532,70.18668318437898,0.3149482994373716,154.25509575058362,131.86697711190482
TRK_05,8.971359759899343,7.330488618086194,30.24865290999196,0.44091800098969264,64.35420670749625,127.65039203363324
TRK_05,9.3943026997466,7.3522515130138775,73.40727419359709,0.3108337897640596,235.57424564893608,192.54842104148085
TRK_05,9.217317979269524,7.411350889385019,51.32888010750502,0.36091657200236466,47.86754749949567,55.953935561313855
TRK_05,9.028394113879813,7.555913337131667,66.71789369877366,0.37245820287391485,90.2416452502184,81.15512068560143
TRK_05,9.60950950659108,7.390549835419696,64.69018864740141,0.36164685044233924,329.62878930732694,305.7299379081975
TRK_05,9.527878243625912,7.2411747078020126,46.74233496105627,0.3891023054714217,114.13309809666642,146.5050021892453
TRK_05,9.647734691688738,7.411463795569554,80.13432687292247,0.33886229260165185,318.611068724662,238.55774259881224
TRK_05,9.942994348982005,7.230471090006581,79.43806278442008,0.32727672378566797,282.9765562771148,213.73372891410492
TRK_05,9.977364479880881,7.3458023771626975,53.71141553826439,0.3608951044224961,170.30474474056643,190.24418891277233
TRK_05,9.857747569782767,7.4758250456577615,50.77558865725371,0.3870842139341634,98.66508095087875,116.58958593298392
TRK_05,9.431680462858328,7.489550369038301,89.05023828604592,0.27452666913662016,200.22671794694608,134.90815193808731
TRK_05,10.234479475903946,7.361481669328821,60.29386113583856,0.3298751949911971,238.4172507041887,237.2552490878451
TRK_05,9.34565944023902,7.50135840488438,57.60525203157944,0.3825450845086632,157.69181572379006,164.247331792604
TRK_05,9.971874374458547,7.522187201005963,57.71847078432523,0.361630002104215,206.2521674199354,214.40502281215797
TRK_05,9.614556443454452,7.452441800749548,63.14580030748004,0.34156574289450126,225.36393289007583,214.136742389229
TRK_05,10.55437566390404,7.40694912076195,58.01910577641338,0.37410260287291935,138.4200273228899,143.14597800557146
TRK_05,10.270442398221288,7.574045437484918,66.45141532951297,0.3390715857087593,333.3781882334626,301.0122688105334
TRK_05,9.810608352223586,7.305252455552067,43.19521610434438,0.3767418053702425,59.10404250687974,82.09803932561225
TRK_05,9.986811265143276,7.471547638185579,81.60618307562402,0.3338951331587261,328.25853820718794,241.34828453108204
TRK_05,10.348121891580236,7.3276702762986865,39.73001140493252,0.38176541509232387,292.49765805895584,441.728025312334
TRK_05,9.708374208882063,7.45081305201312,68.90194985038413,0.3329545008300796,66.24791423138086,57.6888587698029
TRK_05,9.35397199589599,7.581627666587768,94.67749219946222,0.2704666702229634,141.63677384724807,89.75952186113307
TRK_05,10.607246793911651,7.489852234045537,62.36435594815295,0.37264029619949923,101.64798343728692,97.7943075577909
TRK_05,9.504107127875072,7.49903427780977,68.15885023436402,0.35432436885321156,168.76662179982628,148.56467315941163
TRK_05,9.98346242378186,7.252707694608958,95.29766377227394,0.28166791148569503,81.8146478420337,51.51100956947298
TRK_05,10.042984864713858,7.397514519640359,62.22043533112604,0.3536179285314141,132.14076229513165,127.42510873660925
TRK_05,10.28838379039906,7.317068924559095,70.69874843721766,0.3552728068422604,169.0550668512904,143.47218635822026
TRK_05,9.39509931259282,7.378624053603781,67.8101833140498,0.32005439274275227,282.6423120972241,250.0883775419577
TRK_05,9.487792282948554,7.248827491518758,56.83753559981593,0.3368783415670704,96.6356871138233,102.01253741283209
TRK_05,9.840576780451684,7.4773360978926515,47.59027482451782,0.4083281302629755,277.2300615556875,349.5210682156379
TRK_05,9.803072529202458,7.28517506223075,96.74897235730253,0.278264010427635,199.80498812142255,123.91138629371173
TRK_05,10.211927133477632,7.463437004715642,59.86046975214031,0.35056214942840874,300.671386798069,301.3722291619523
TRK_05,9.70296720799038,7.54229692995925,43.16354419203976,0.37749683126461375,293.84295455831347,408.4599076261733
TRK_05,10.117786888550759,7.529078175245106,51.92180336785525,0.36877612563017803,380.29334436120496,439.46086579494
TRK_06,10.182796431549413,7.408919923753909,60.75875588818187,0.37684551451217607,184.57164676470467,182.26671438538017
TRK_06,10.263774533411233,7.5544403407073135,65.27457481356309,0.36504745596665533,274.81482979265604,252.6081530926068
TRK_06,10.44610342808232,7.487705431115032,74.69136544105939,0.32175681271557965,81.72251710255023,65.64816424493345
TRK_06,9.40684133816396,7.512360836265294,53.47754949186181,0.39613675554837513,331.86722685500183,372.3437928720035
TRK_06,9.861746132849749,7.516832031352029,50.857177030280695,0.353651754131788,172.50909046552374,203.5218239063612
TRK_06,9.930466327076818,7.3120595667187045,85.18502758691046,0.28191653368655917,259.17385200883194,182.54887696860237
TRK_06,9.663363585057835,7.555594835610587,79.2679157101672,0.33754359987206295,328.7962510779783,248.8746536090432
TRK_06,9.871904611241524,7.541014387025615,54.28848544985175,0.3936615111907958,348.7244413092152,385.41260278628846
TRK_06,9.904369323044037,7.543228822819922,74.33505769930672,0.3576810724455126,278.8704179070829,225.09197668358073
TRK_06,10.473366083055799,7.209894247482996,75.49499879317526,0.29911816048100287,100.69534341289068,80.0280906199526
TRK_06,10.57573512274901,7.203741702663572,59.68195535999533,0.3613326819249755,50.63328808854954,50.903112456488564
TRK_06,9.238713519126044,7.289541455812175,52.735784491606196,0.4044130269373425,223.71923457771143,254.53597029165675
TRK_06,9.769871845247538,7.4951443415493495,75.13375194183143,0.34755973451414557,252.4865529354704,201.629664226761
TRK_06,10.319148803022776,7.227545816597476,60.35348212670022,0.3623915559529022,43.45791227228719,43.20338519761549
TRK_06,9.92415720597726,7.239532126726684,63.171972772550546,0.3398458196478762,175.075170969313,166.28434726868613
TRK_06,10.377966187056312,7.242754530803132,61.423177167033444,0.3482492248738394,174.8174464882284,170.76692012804736
TRK_06,9.71248265219668,7.244571440161238,80.48361136913266,0.33488442059831464,24.586586113011588,18.329137344680177
TRK_06,9.774013809312411,7.390762797831313,56.89331669137405,0.3640952050242452,87.41805893015993,92.19155853159877
TRK_06,10.604955597557856,7.537642953574974,77.47971748158353,0.35158357258203926,68.58293637818461,53.11036638290765
TRK_06,10.334548653176027,7.377997884617996,66.71385223360727,0.3537990847060708,335.95474113153455,302.14541347887854
TRK_06,10.354170586308491,7.374824480951089,39.936584783892,0.41782846798152784,184.67548070015815,277.4530897413818
TRK_06,10.39006953833849,7.548133736081333,72.54217416025642,0.3149517077835364,375.3213874669114,310.4302222630693
TRK_06,9.966248664482169,7.193972830139814,70.1793724588934,0.31591364077396816,332.83377048182183,284.556922201128
TRK_06,10.248309893221673,7.605312459050423,62.88968789609098,0.3443317409926325,136.48663500609564,130.21527653144472
TRK_06,8.979058420406563,7.522367586462749,63.63425626727527,0.35852271295234855,372.7162521978114,351.429818523221
TRK_06,10.09838021438473,7.301068436740221,52.12677317587897,0.3540528739083537,146.53403283206873,168.66653035013752
TRK_06,9.89624644545703,7.457557975283795,71.06949917792222,0.31233788510457483,236.52651619282216,199.6860979143913
TRK_06,10.2225614104971,7.396720590134682,62.99246358016446,0.375371531075183,184.2193275431697,175.46796909322154
TRK_06,9.032502684176153,7.415795176796116,66.5045181821632,0.32460573883657784,361.4742895854415,326.120058726227
TRK_06,10.340118659653902,7.477293286321634,64.61164261775987,0.33966193403294437,130.99728988182912,121.64738543188352
TRK_06,10.493669130550103,7.404098692634209,34.86026891920854,0.41919732031763945,170.29287671935649,293.1007969801217
TRK_06,9.65106331492848,7.53821051563547,49.782569189399084,0.3909266723850621,296.42669777929075,357.26564852632777
TRK_06,9.808407799402977,7.335473350184395,71.45901607518131,0.35954894154991945,109.15612517291973,91.65208073232719
TRK_06,9.401034858223785,7.458643722484975,74.79286069299212,0.3593431542640118,245.22189309437405,196.72082935906525
TRK_06,9.927351220624244,7.289715229708765,76.93459962459349,0.31382790587964193,341.0071884155005,265.9457695856975
TRK_06,9.566346819774342,7.227117099499898,60.838709606855204,0.3833432709292908,277.8737852017235,274.04307586143784
TRK_06,10.43354621277115,7.379123583997346,80.99997413715226,0.33263077861372814,86.28148626055018,63.912232451670945
TRK_06,10.06625770277014,7.4252913317291105,79.05320792105624,0.34232696185959205,152.3563424997267,115.635795059858
TRK_06,9.31334430477671,7.458985767708642,66.98766907018857,0.3452924423547494,336.1860499614883,301.1175530910665
TRK_06,10.041327874404764,7.232684667060343,68.74423714417682,0.31904058981338196,397.3650221838063,346.8203637349982
TRK_06,10.223150672813935,7.5247801227586635,60.330036408800346,0.35259853618551507,246.73893111968061,245.38914193364099
TRK_06,10.552547670672459,7.49436956792993,53.936168260213684,0.39442282466648165,282.2289519007582,313.95884543279203
TRK_06,9.333896205408942,7.5739905347225385,64.06401215045736,0.33429953079433905,216.7708951044729,203.01965596101869
TRK_06,9.51409694845662,7.5251515102833055,52.00661531670045,0.3702898853694292,229.01563780515036,264.21520002084253
TRK_06,10.365661768036976,7.269193774544635,69.19431824162666,0.34852105745816425,195.67097290296152,169.67084397277665
TRK_06,9.315489756738234,7.370814629818937,69.84909327642595,0.334738046518014,341.8441996752319,293.6423512234232
TRK_06,9.633905042568434,7.492863044128694,53.20849551512475,0.34913013202125726,144.74272260589217,163.2176078702489
TRK_06,10.506935098606016,7.51218490534082,83.42015396032487,0.29681635628376946,269.0264574407594,193.49745451348124
TRK_06,10.450803696025137,7.325122874980353,80.44019695955518,0.324723199167244,343.9318915907052,256.5373317747832
TRK_06,9.67864330161783,7.257587585991806,65.0211683584134,0.3206157404134153,100.91048082417579,93.117810742432
TRK_06,10.04351553377453,7.53303845381081,52.100060292181915,0.39598869793623376,31.70535730616968,36.51284523860026
TRK_06,9.42981401437854,7.566822292565673,51.106183486768295,0.3968537508925302,349.09449773169024,409.8460975729948
TRK_06,9.117500055762388,7.294834893841762,81.6578037711896,0.307526327897058,110.6997869752574,81.33928310301752
TRK_06,10.06088396836407,7.505213037137556,60.700287339018814,0.37873575622862526,35.190206858303526,34.78422432674338
TRK_06,9.265035631458204,7.393520439053991,69.21699969504371,0.3187236253118107,210.2176956457142,182.22491287275503
TRK_06,9.911682329926595,7.187685416404583,47.898305684837005,0.380668369123011,108.2248601023792,135.5682943958156
TRK_06,9.77927666024197,7.54390226511145,49.55159180704387,0.35480655497300595,350.40722334824994,424.2938043799902
TRK_06,10.18165458323516,7.292152308052095,69.55670590188487,0.3342976300534046,112.2993724178121,96.87006102004233
TRK_06,10.161389788516972,7.419492686148016,73.53241908440566,0.3182445341418244,234.27562005850325,191.1610875656779
TRK_06,10.017198121872221,7.301000967670835,48.057845790215474,0.3689058764672768,364.54334979759403,455.13069985148775
TRK_06,9.413997449731017,7.2795384812381805,52.43245056863215,0.3734298112536695,92.9410505031478,106.35518595281911
TRK_06,9.864731332622966,7.49627172349391,59.6791135038898,0.36730963091542573,367.17971003753865,369.15398551984833
TRK_06,9.827810770922992,7.406706488556413,47.454519618301575,0.36262378469057355,181.70487268588462,229.74191813224968
TRK_06,9.920856821662202,7.1893495305937964,50.819135793449995,0.3631082958663457,169.95175454337362,200.65483431374503
TRK_06,10.135139160517982,7.381790093988602,38.12904645006062,0.4136932558338825,84.93171437797906,133.64884090015428
TRK_06,9.233970416092138,7.379424577904747,39.17949264023839,0.3978031039101497,138.41320694855767,211.96783973624548
TRK_06,9.550088130107191,7.312753805404724,45.435027777927914,0.40476343286439126,310.296817533209,409.76774886086827
TRK_06,9.531167716453941,7.5227073517796645,79.75816430729891,0.3259840918362731,234.40717604727564,176.33844365635005
TRK_06,9.793498689637305,7.35864408769689,66.39777948974634,0.33218595814199325,208.09329910543045,188.042402054333
TRK_06,9.817819306552293,7.542753576620519,73.03596591058071,0.32097731418010267,40.13669178308068,32.97281657003409
TRK_06,9.692104705565358,7.547095847759803,70.19767421802031,0.3338651888991396,346.7851327287187,296.40736955330306
TRK_06,9.675062503814253,7.21926838269019,68.28771674309407,0.3317836014820743,250.39578822331424,220.00658405258812
TRK_06,10.505052333528598,7.305194533751105,55.01319702291187,0.35393673546691573,69.16857679849055,75.43852807138249
TRK_06,10.395603970231559,7.244355733769482,60.31442798200274,0.3669322016471107,269.3382564589932,267.9341565232398
TRK_06,9.566535348658602,7.3026340360174204,73.73263138592523,0.3158796072222839,83.69075126612383,68.103429669892
TRK_06,10.250388622964387,7.375059115108186,49.47296266884009,0.37273763252361475,314.7751177309884,381.75411467231027
TRK_06,9.448524036832275,7.4508143591201845,53.71377962365004,0.382584974512224,164.0248366140509,183.22095867761038
TRK_06,10.206382205351744,7.5656590868774805,84.0842299849252,0.3255571861209715,116.90869759823937,83.42256160461885
TRK_06,9.586692775982886,7.538428099984795,57.7932242859195,0.3456113472564842,176.99469179686872,183.7530547746141
TRK_06,10.251125310521905,7.529472633429248,56.94617604010469,0.38515392679724514,357.17576580473707,376.3298510718548
TRK_06,9.3746398558704,7.511279573359203,73.70612202392763,0.3117041653352109,147.36302784804928,119.95993586547125
TRK_06,10.394428732960506,7.296221099453442,53.1197372673224,0.37916811420708424,364.28861153635967,411.47260541191565
TRK_06,10.042258897288201,7.486740810389903,72.95275229820408,0.3430891548743082,39.28644234278602,32.311139282749025
TRK_06,10.400975211404283,7.4407371823650745,82.46473077395243,0.2879595897798549,85.86716166036392,62.47555350352483
TRK_06,10.580693872559733,7.188985030859989,62.797645520419444,0.3584812549836068,138.12320267829148,131.96979109674962
TRK_06,9.924939670622143,7.426504754203444,95.64419752031188,0.2896050094132794,145.81712830054553,91.47473579016342
TRK_06,9.04383594223433,7.54935889531822,54.977554284423434,0.36602359451536215,330.9975627257036,361.2356719398307
TRK_06,10.536254736937877,7.593790638858689,87.56507826153789,0.2932251028119821,269.1252597172754,184.40588307141576
TRK_06,10.262135523392093,7.524524936289747,58.85271029213781,0.34247006333283914,38.50974913639749,39.26046798379178
TRK_06,9.965925406448857,7.437108528564476,51.309465041884536,0.38551892562839,81.08992619789706,94.82452346564406
TRK_06,9.311422472852655,7.45358267323557,85.86886683735374,0.3167812145894665,73.77224590520831,51.547608782313674
TRK_06,9.99191227120748,7.291181923680707,79.71231485124757,0.3212826062730626,319.18385572824144,240.2518529217541
TRK_06,9.734124017751274,7.425063714891234,69.17919427775715,0.34311168602723524,224.39536202577003,194.62096750489513
TRK_06,9.515532511873765,7.586945519159858,48.185716281792004,0.3941496487321586,225.21235949397646,280.4304389835264
TRK_06,9.057684112396785,7.449027638106593,61.06590330251862,0.32807752402600887,320.6956879204328,315.09795539915245
TRK_06,10.330757838396845,7.293027898279366,51.71955221556965,0.36484225492252503,204.32758803413418,237.04101750435117
TRK_06,9.017777464194562,7.2255200698257855,64.91788246112716,0.3497031896003761,341.3830623214656,315.5214397443286
TRK_06,9.726295109628623,7.429741034964118,67.66764884851013,0.36483509091093047,67.50346002863597,59.854415967451395
TRK_06,9.532153409682905,7.247142639516544,66.18104042064395,0.3638128370755879,30.183875356902945,27.364823972293713
TRK_06,9.874675332644758,7.24033142449388,52.74038565875634,0.37151331944816035,34.36562242908519,39.095985362836906
TRK_07,9.803687434644235,7.364867266238978,63.53589136652,0.33844748439977695,43.61470892531961,41.18746867692696
TRK_07,10.309405289980411,7.362108525000322,61.50421371751507,0.33971289147409806,222.65746773413593,217.2119153560315
TRK_07,9.092002394043957,7.491209491523786,59.90435341256122,0.33280888861234287,263.9767641690439,264.3982439984315
TRK_07,9.364795713670835,7.5919348724792375,70.28444484567065,0.3225420772604295,128.6032899173785,109.78527911810075
TRK_07,9.656110021351374,7.305740519017429,60.02854535204838,0.3385081627971338,68.19272779560563,68.16030013288868
TRK_07,9.595086665988198,7.368680982661904,63.752460130585376,0.34503164738199543,156.61213613632532,147.39396956497086
TRK_07,10.342760018154019,7.516294714254933,77.97748819987585,0.34095741267234536,25.66648623645233,19.749150809266403
TRK_07,9.222778214931383,7.2362970011351555,58.20106329758024,0.35577186631501495,287.31402888638456,296.19461838766426
TRK_07,10.51282640081496,7.491270330842038,49.549661749686464,0.4034175811367139,58.954814365976596,71.38875901571576
TRK_07,9.801901533509184,7.558849108213129,72.2966682569867,0.3610988219418606,314.1365055888304,260.70620942491837
TRK_07,9.828832129617968,7.344838217601071,62.34249091811527,0.3686784340643871,63.85140400722587,61.4522163617997
TRK_07,9.157534281754094,7.618736824963596,67.1827194504797,0.3385185667373924,96.2350304438113,85.94623548820113
TRK_07,9.961949043565305,7.3633749837231415,60.70315839289868,0.33154305579253857,219.47663903032534,216.93431924227588
TRK_07,9.892668869715171,7.291374764718657,61.367179711544686,0.385804711921476,384.50883340328204,375.9424844459128
TRK_07,9.285312280275242,7.304207164480012,55.196086328426404,0.35708126043927796,366.8144906813117,398.73967349645164
TRK_07,9.620018060295754,7.3811463073128305,58.69497945421044,0.38859239358594105,68.21274763813229,69.7293856535177
TRK_07,10.535846555386682,7.536972797579742,59.787382468610474,0.38543215716526635,122.63785949389434,123.07398761765319
TRK_07,9.869810052870688,7.548252351432581,76.38336459798755,0.3125725022564747,247.6997954059399,194.57100119347137
TRK_07,9.659996407883797,7.559511949922257,80.05957311471971,0.3270496577103968,218.26646405353472,163.57803737532373
TRK_07,10.199201368347904,7.424523341460277,64.4696008453117,0.3537109941184068,180.97581166939327,168.42897362149932
TRK_07,9.300119539207417,7.364116565198709,60.004937337602314,0.3638865281960313,75.09249192384121,75.08631314921902
TRK_07,10.24347698607216,7.221026112670137,60.54800683144896,0.36459429876269056,183.08419554261147,181.42714033735945
TRK_07,9.745230872466909,7.556498031896346,51.333419509944505,0.3739819140417287,253.04108162175527,295.76180667964485
TRK_07,9.879776932567948,7.249152932462839,78.77962396350003,0.3334606859005866,164.68245510175655,125.42516464261631
TRK_07,9.39688591675924,7.547435640832743,57.263644870952696,0.388849818124976,121.44743422266502,127.25082501788485
TRK_07,9.726023517744846,7.590088376720267,46.601691260446984,0.3886186231434372,61.39214866691307,79.04281626665266
TRK_07,10.200166701759635,7.540865090872704,87.9104526904649,0.2830647798088931,39.86669489011676,27.209525377253023
TRK_07,9.291307850674709,7.496710533640911,70.02352607897703,0.35995714812374796,97.63419489260149,83.65833629898904
TRK_07,9.52240815869548,7.459960447569043,43.25200973452874,0.41788490741681045,259.20793162887963,359.57810962289227
TRK_07,10.144514562146414,7.275808175978914,56.114098960303025,0.36795717381820847,213.32551329871467,228.0983039035821
TRK_07,9.950498258375463,7.2864144590572195,64.74989320537576,0.35072567141021493,125.62292187580316,116.40753272968196
TRK_07,10.022637282963393,7.536589430873679,59.90126047511477,0.3498699195958164,131.3201230680179,131.53658740377244
TRK_07,10.195705723316665,7.298053650063812,55.79210969305126,0.3617282941384502,151.02923590022974,162.41999458110467
TRK_07,10.171628780409419,7.321855142887366,65.26964657218865,0.3453045118444306,329.44671933851214,302.848325345971
TRK_07,10.560478651557817,7.406442688928561,69.50803854176016,0.3665318106949017,151.9396156378967,131.1557214033125
TRK_07,9.869206609778159,7.173383449036714,81.66395578474584,0.30141034361650965,197.48160651817577,145.0933435348453
TRK_07,9.79546118962671,7.202585334934509,80.58439102027245,0.31793040895150104,26.851146199759942,19.992318010820522
TRK_07,9.368526971902455,7.469783274895502,60.32103012568022,0.3336845880922741,74.7706454030812,74.37271404081949
TRK_07,9.486551382560878,7.571662481396633,64.78754122962569,0.36009551032120796,288.8792494300833,267.53222358559225
TRK_07,9.084019737575263,7.41224564093335,43.20966856746981,0.37302562078285667,67.06559156131965,93.12581251105867
TRK_07,9.234226907942674,7.532570308518737,56.32225682808543,0.39188014774193936,314.9776622786426,335.5451432708681
TRK_07,10.403609295238581,7.62668389969995,72.6735690679251,0.3237917753544741,24.00001475763444,19.814643809665586
TRK_07,9.750018665909039,7.332576929313653,54.85999176394006,0.3511392513416784,352.4600322649136,385.4831409179196
TRK_07,9.050290537414938,7.605730503225955,59.920117895916995,0.387315916387903,179.43228558044063,179.6714945308884
TRK_07,10.045453375681106,7.309207613644993,60.20545322854499,0.35116407788624526,344.81862044555385,343.64191476469074
TRK_07,9.43635381013517,7.262191641777205,90.49076714131974,0.3071056316307556,333.8477535018067,221.35811025699599
TRK_07,10.210109577163191,7.489658444491719,66.90265179234412,0.3242720271722264,42.964638924283506,38.53178112368941
TRK_07,9.32862901015311,7.50518889350707,64.22520842033346,0.32191337989115704,278.3242573857199,260.0140327120559
TRK_07,10.051092948137926,7.564830691648566,48.80096025445759,0.3772343873786477,339.0490646361395,416.85540145309335
TRK_07,10.102215088529384,7.483360982239297,74.70588946312888,0.3103426179176374,266.0008888724446,213.638488839943
TRK_07,9.673782882255397,7.384316479527489,73.97669007525396,0.35895206538655,239.73414617871487,194.44028593453547
TRK_07,10.147866667357546,7.560423605982824,54.70238293267501,0.36738294400167626,166.79712893676123,182.95048953393518
TRK_07,10.285148121551542,7.571977418101729,77.54646951649099,0.31206408553096027,57.11797637057461,44.193869864129354
TRK_07,10.094185447183126,7.249497577098753,51.43003031437906,0.4055838012757205,122.50748012031285,142.92133919204977
TRK_07,10.272756741811806,7.447210413542562,70.52262136174052,0.35998369220795795,389.67208506862664,331.5294391028088
TRK_07,9.85797169563973,7.21255223795871,56.83715551774741,0.3470684316865226,132.39256741039537,139.75988017456902
TRK_07,9.609354012497397,7.516046264337884,68.38640538271221,0.34933117560111987,290.8961571991016,255.22279368639448
TRK_07,9.743661838813125,7.503977626871094,75.09759624904576,0.3060932439010115,153.89813615568096,122.95850507276641
TRK_07,9.561761627373587,7.519739415309335,59.22500336694606,0.36952037554978867,399.67932383332527,404.9093806110844
TRK_07,10.566846753315955,7.4629028897896035,46.06981394305407,0.36510429084037843,65.88927496032898,85.81229571507276
TRK_07,9.293965519061949,7.562574428618708,48.28304880753625,0.3936186091524408,385.3241062632043,478.831535016564
TRK_07,9.290550295588378,7.415139221340751,60.66659946506714,0.38734151672816514,318.1942175455751,314.6979263890966
TRK_07,9.057338825442915,7.302325521210698,48.49785490140302,0.36396442314562033,183.08221589549134,226.50348094904487
TRK_07,10.577717541319807,7.403455883510981,64.95311541622216,0.32755551157188484,105.21517660488854,97.1918060564136
TRK_07,10.430326998122238,7.416286398330039,44.187978003780245,0.40277771401008367,109.73373998872293,149.00035477432613
TRK_07,10.06994968047648,7.237894950921902,57.60668724829971,0.3673316314872052,79.98005480111087,83.30288578099571
TRK_07,10.138507064629628,7.267101032315229,56.082923577715604,0.367147051558508,310.63244193055255,332.3283689019181
TRK_07,10.489393317011942,7.478896482658438,55.12215700568509,0.3424290659817708,108.40874295777625,118.0019964892833
TRK_07,9.189996202200723,7.575548696029922,64.27494959369626,0.37296448013449984,95.21912351081143,88.88606598314625
TRK_07,9.328425329962071,7.471307518576728,59.87769729251421,0.35923797453716827,36.051452751088775,36.12508935502687
TRK_07,10.06128494132036,7.446654805010585,60.068224391361056,0.35680607565769135,366.80921371031513,366.39259850977305
TRK_07,10.278549472802043,7.292329248970821,68.51628663383146,0.35599916839390255,388.20984271782044,339.9569898986322
TRK_07,9.796588523628492,7.3713229430035225,71.01141850406535,0.32301411137189767,154.22359610697012,130.30884273757263
TRK_07,10.572537322932588,7.584957798252719,68.89970607953396,0.3203450154830071,312.14727771841183,271.8275262522193
TRK_07,10.219393780996933,7.515166002741162,67.97120131279475,0.33913159752245053,56.528197600374334,49.89895412344309
TRK_07,9.878082054421242,7.620613576387027,61.49435176430624,0.345267911439866,117.35468784858018,114.5028944756167
TRK_07,9.86910428450254,7.5072521145529665,59.9178851301406,0.365601811702317,80.66226706869296,80.77281121671359
TRK_07,10.209281945937281,7.2788385116945955,68.16891980108393,0.35490472489542946,86.81328546632469,76.41014619534367
TRK_07,9.757459128518809,7.283662860399304,79.86707047456346,0.31007173416459444,383.8035188706048,288.3317366644924
TRK_07,10.114922697638757,7.267065618478441,70.52110633981845,0.3276967866185486,90.98128118526186,77.40770323158497
TRK_07,9.050083189949577,7.320827211413153,63.67937575130844,0.3577350394634868,254.3146488581818,239.62042264802477
TRK_07,10.35467608432125,7.28994913208366,58.67326195668489,0.36479459798506914,145.98485536541853,149.2859103076875
TRK_07,10.504320307696638,7.371387721044047,56.10813198291743,0.3832117466549848,24.49534886009153,26.194437056877245
TRK_07,9.517949563385065,7.367108434343514,65.69324886591733,0.32748001983853786,178.07710077897056,162.64420212411787
TRK_07,9.027201611025074,7.253606729578714,30.353644992653543,0.4332643960510924,204.33901971723495,403.9166032943145
TRK_07,9.027730482889721,7.57904670946489,68.91238462460187,0.316573438783066,375.9879534527221,327.3617264887045
TRK_07,10.084625529902821,7.505330857430104,74.15236691926992,0.3608743166905056,106.70328195723022,86.33840271617922
TRK_07,9.513077682276952,7.329804973365357,85.00860017663905,0.28044827610297635,206.5962660440454,145.81790474005675
TRK_07,9.797676822597657,7.4192857994120365,77.52143178082774,0.3380030501967963,254.36442343334443,196.87285251838142
TRK_07,9.199573791777008,7.46695266722454,66.30438291397141,0.35876953511549986,313.9866931857372,284.132070357818
TRK_07,10.589178978744657,7.546896244310999,58.43546882508867,0.34442191707690045,298.98665347397935,306.99161945863864
TRK_07,9.076825682993531,7.5931880666565075,67.15660635200223,0.34887381780583204,139.73510081837003,124.84409955376246
TRK_07,9.330220010365112,7.292263732683165,58.6191464317679,0.3404146003479114,224.99266249619842,230.29267008323393
TRK_07,9.41728012846628,7.447916298721785,62.624180018551144,0.3372220933277426,285.2465311973885,273.29366814501043
TRK_07,10.595006014464396,7.379470563545739,25.150249755083564,0.4347356776046087,36.432199447428054,86.9149208509886
TRK_07,9.616346289614693,7.591570928471339,51.519582028577645,0.35026110849428166,323.16061465392477,376.3547007908596
TRK_07,9.389156942770414,7.556876668182487,65.48722169052786,0.36525474273769093,32.648454174958914,29.912816575953066
TRK_07,9.127983828847773,7.272486304727989,59.69157037155083,0.3453149667000215,328.1039365500377,329.7992676430704
TRK_07,9.324115069659644,7.4730717608479695,42.04394063723855,0.3701542012564617,41.93775112950908,59.8484592460364
TRK_07,10.288165733187911,7.305478047127456,73.36468439053176,0.3383911801949258,232.9404073021822,190.5061618439224
TRK_08,10.5717515655573,7.566489840043729,70.82476287176218,0.34597829181914613,339.9277846402745,287.97367264533716
TRK_08,9.709113160365458,7.366671333120828,70.56271978171105,0.3480663805727409,260.06729183935784,221.13713244944728
TRK_08,9.661150512773014,7.557698210419575,64.74986954160804,0.3239108866022757,57.60065585840518,53.37523266025227
TRK_08,10.536945280859094,7.559967064415071,77.64658778286191,0.30669544851525454,186.644261784232,144.22598631598433
TRK_08,10.111099377662354,7.227988903359011,67.68308432052879,0.36761693047352956,201.10960434696224,178.28053171563062
TRK_08,10.050441139007846,7.34890163610876,68.54618112718177,0.35192030499714505,224.2673693632937,196.3062265544896
TRK_08,9.111496150622111,7.324843002017534,70.66210041109333,0.3505273489078098,87.63527232646855,74.41211496683214
TRK_08,10.589510207776913,7.279572947673233,73.94301569255113,0.31421800694742225,245.95385181025514,199.5757269351123
TRK_08,9.233589845582019,7.499948053828046,71.97297546790956,0.35527710295123727,209.1582036053976,174.36394889522487
TRK_08,9.200764260408294,7.249458252213536,56.09299629789342,0.34743644593638084,141.70121670090697,151.5710260315282
TRK_08,10.045723496493611,7.578737307678652,58.80833491303299,0.3746784538895791,227.07980808900942,231.68124901834392
TRK_08,10.552980341341039,7.530013847668343,48.2305325223338,0.3637147706564078,347.628556929016,432.45870043177547
TRK_08,10.298834789220997,7.397948722299815,53.99840245723638,0.3834501721673089,83.64119036764012,92.93740543588761
TRK_08,10.482155498237356,7.452486092719427,62.88259545150547,0.3490246031493774,44.30319517061895,42.27229635085772
TRK_08,10.302249775713962,7.230671366135571,67.93496021703893,0.3206504455898014,230.43113392781686,203.51624541323147
TRK_08,10.198286200380116,7.327688398906507,71.15521522983926,0.3437298506354264,219.57644955780557,185.1527949274407
TRK_08,9.41570175583438,7.492655285684912,64.47579498106262,0.34211243823276627,311.4951732138009,289.8717324589401
TRK_08,9.441415594084825,7.61526973434625,70.34933624997407,0.3197115773056689,395.1141437690048,336.98752383252264
TRK_08,9.701618498160355,7.221718961278263,52.52196043381552,0.37862610033226457,335.7593579817703,383.5645378144678
TRK_08,10.431844275067316,7.481598533300468,68.66551339805333,0.35448734828232353,320.87326149063256,280.37940352724075
TRK_08,9.933202876624717,7.269881216029882,68.99027757526022,0.340606651728248,91.28787557569298,79.39194806929893
TRK_08,10.364295463535834,7.326018410648193,79.46779976858822,0.34694880316082644,129.8718490818759,98.05620600550053
TRK_08,10.201997858956693,7.374100001017658,66.5989433289068,0.3382864781616715,125.55155731760283,113.11130571326173
TRK_08,10.405955351734638,7.38160642314368,78.26955773832098,0.34731436221371975,211.13329296215576,161.85088997285928
TRK_08,9.578540263953387,7.21923424163554,63.237908355049505,0.32919981644108215,159.883728514653,151.69735939112832
TRK_08,9.896804946749375,7.260899783605326,83.38032109361905,0.296794288695258,206.7380056771786,148.76748107869776
TRK_08,10.093809542621106,7.469105203587467,66.1306909442411,0.3442546465397873,86.1851928081485,78.19533554925346
TRK_08,9.784965956332318,7.409637631445299,65.00152019210671,0.37492739351404103,366.5463340264595,338.34254916792247
TRK_08,10.44677438637612,7.445779151623797,52.63970584306079,0.3712241810649933,292.70088868256937,333.62749733658086
TRK_08,9.03232097997301,7.5014671204133485,66.49153093281554,0.33069701713544286,97.66934777819287,88.13394404488602
TRK_08,9.418580065062923,7.43311456053686,70.73424871870705,0.3551871257251272,225.6631023229893,191.41768499194504
TRK_08,9.466910184259092,7.468856108680137,41.81320613986058,0.41258449922056056,189.18778346922232,271.47564265185974
TRK_08,10.51311502131125,7.325963969153581,43.062224416152546,0.3980661408633871,329.24859103950394,458.75278693128104
TRK_08,9.68580174832234,7.423614398638153,58.99152071453005,0.38626688429199113,361.7492540032804,367.93347547744656
TRK_08,9.269501253367617,7.452146203964265,71.98417419543908,0.32032148807273314,146.34203708657395,121.97850879493414
TRK_08,9.904417788519602,7.239514962980172,78.65364250958714,0.33020954212482045,374.02406570038966,285.3198304107528
TRK_08,9.641861371871698,7.517024455690494,58.55494733665754,0.3357423217207743,193.0170659032612,197.78045205320382
TRK_08,9.548955362910693,7.28299529715429,80.95164763420907,0.32488090677292353,115.51720980102483,85.61941344764588
TRK_08,10.573248585438083,7.301899444857936,83.49510644007418,0.2978318105553643,248.24377721659545,178.38921666248604
TRK_08,9.38938396996865,7.306163742804331,84.1588733053925,0.2968378883698179,65.280857032942,46.5411580281404
TRK_08,9.923509443495496,7.463425052995291,74.88430189002993,0.3042017628497659,255.2572656814933,204.52131560738619
TRK_08,9.719023348722144,7.340792054752109,44.18685474666485,0.3842068634353413,177.75812716033118,241.37241020588561
TRK_08,9.214052706740766,7.318604562120705,65.96432408779579,0.35757793806085697,133.17642152343012,121.134952899247
TRK_08,10.124442337169851,7.405020936073456,69.69784267080658,0.3505981586949931,394.9065200346066,339.95874612631235
TRK_08,10.034937150046952,7.336492382861953,69.52923698700874,0.3679180199355795,227.0958856098992,195.9715614186859
TRK_08,9.856603814418603,7.2913352156843265,54.07428968891249,0.3450437672066648,64.9064167626751,72.01916156762792
TRK_08,9.839263141775382,7.4344007277477315,75.09875790058788,0.31378069668899156,26.382205879410535,21.078009770281973
TRK_08,9.982901040865972,7.1670803314090055,56.950747455492305,0.36709536648815133,184.08544055203996,193.94172906605476
TRK_08,9.070562180540735,7.392927839391105,71.32466056892758,0.34696295763260604,348.46169944441425,293.13426520214307
TRK_08,10.03685631623322,7.221813580422441,71.09791625807716,0.31172715749115293,285.6649681197514,241.07454886538795
TRK_08,10.44145077702032,7.282048534468166,69.24761123769551,0.3634182511035669,76.03957302348036,65.88493523261428
TRK_08,9.49584318896403,7.195880250014593,57.56619530606347,0.35048521038931435,107.10852416781889,111.6368975906981
TRK_08,9.421384456999297,7.318204683464104,72.778177029612,0.337701782350397,265.7977105660121,219.12973483070147
TRK_08,9.26123196034397,7.503415356896938,81.64416046784032,0.3117139439333969,285.64663267570046,209.92068339404395
TRK_08,10.232670943459656,7.3392800333686115,76.70085287848786,0.30642650009811456,388.5411757391911,303.9401736677412
TRK_08,9.197061455366212,7.35718868613401,76.10949731415265,0.34007774042185934,156.3455213259663,123.25309732158249
TRK_08,9.798860771575091,7.541854560888763,67.48569917787884,0.3431053289437996,294.00914741747107,261.3968449604604
TRK_08,10.525515340884434,7.509804604591843,72.35292567183448,0.3348221501540779,30.77477049472406,25.520546854710574
TRK_08,9.880468788625183,7.34015406966389,71.93479209771715,0.3288443048676106,351.2627019727294,292.9842639947326
TRK_08,9.351682909038145,7.500737882746243,62.203737027121015,0.35063082214417124,245.40012280825758,236.7061541989952
TRK_08,10.2993633672439,7.290573941544975,70.18953088883046,0.3265384259450437,302.03190598160444,258.185432063916
TRK_08,10.529086753940101,7.27989410834529,77.23181665977654,0.3178740572763116,287.0753193712602,223.02361782001682
TRK_08,10.418861398821452,7.565654741829778,57.99032151779247,0.36071622931597064,114.9742179657126,118.95869685471888
TRK_08,10.421702474249882,7.310819320203964,75.8564186968584,0.3386164653247213,377.44899552619444,298.5500781690553
TRK_08,9.609505077863957,7.56772662096608,59.075282181598176,0.33774598362072783,49.131847635586,49.90091878144982
TRK_08,9.115837801570114,7.4053582385303836,62.1467599374033,0.3336452515570695,300.1433264273103,289.77535761763926
TRK_08,9.003894645500694,7.4130568485873605,62.57222665622963,0.3265108992229565,21.499229180531923,20.615436268856012
TRK_08,10.431368896277272,7.266034837329555,64.88253546815686,0.3585134008761394,314.20644439830704,290.56180569809607
TRK_08,9.827095783342596,7.400316844077098,82.69689879429873,0.291604013618847,194.54466251181526,141.1501509838196
TRK_08,9.7769015045316,7.304827097938311,81.88243900578819,0.34144827796182575,313.3508170364558,229.61027114566434
TRK_08,10.296739984152353,7.541462784130929,61.475018987118666,0.34261254257733326,311.67366451635985,304.1954305845767
TRK_08,9.31612307225396,7.42421806444527,66.94733139966691,0.3412230762818918,119.63249649486502,107.21786275304193
TRK_08,9.10659708551816,7.302177269913003,84.00106049639001,0.3235866354809765,110.3169023125567,78.79679255999224
TRK_08,10.534911469055148,7.426148269245715,74.89352167638465,0.3286006577114529,81.54274919741601,65.32694473876876
TRK_08,9.559435366279931,7.302283621638292,71.19065612025385,0.3309118961422194,316.66974528122546,266.8915522393668
TRK_08,9.663351496535846,7.448274837496245,70.10999095859988,0.3596698851920537,52.09713351854575,44.58463007017864
TRK_08,9.899430752474618,7.426602343590791,59.08014345191266,0.3719813915344786,78.65436341683966,79.87898351755946
TRK_08,9.189180773862473,7.308921171397367,65.94681586620483,0.32722620145830283,378.85885356738027,344.6949017244643
TRK_08,9.729974312337447,7.566663388480269,77.5779664962673,0.29496893854936124,236.49741421135158,182.91076053616135
TRK_08,9.431698661283962,7.230292153291283,70.03303075250989,0.3328247925000695,328.8192191439913,281.7121140788614
TRK_08,9.86035982887921,7.334987347531946,76.88756657183077,0.3264080802725679,121.56761651559634,94.86653455369074
TRK_08,10.434828808191368,7.345374345057907,47.584907437159046,0.3649846182552653,47.26546326723946,59.59721156922525
TRK_08,10.225162085729963,7.362371890069963,67.71963640916435,0.35465812690723014,244.01678433308786,216.2003199710614
TRK_08,10.173053540344632,7.4595325790173375,67.43055304619571,0.35054342069351113,68.92822378588292,61.332633951847775
TRK_08,10.118207226601424,7.465001265040164,63.64336791071813,0.33095755369503876,258.56886665887805,243.76667214243952
TRK_08,10.13506378823458,7.3527841131730485,74.39003519942922,0.35740600520078,222.83572888381946,179.73030523759925
TRK_08,10.104116281656312,7.191660398589336,73.61461576814018,0.3247855567965575,362.8278756648939,295.7248681221178
TRK_08,9.990122918521363,7.266154025377495,50.0298301662188,0.3892745328272779,22.396260490347657,26.859488128508684
TRK_08,10.51225041942802,7.234884107671531,51.084489266752726,0.40045599239454455,250.35196421023932,294.04459295222006
TRK_08,10.419744472743377,7.44211600896782,80.69441032837082,0.3435351766359175,121.53510496676154,90.3669320877596
TRK_08,10.5638139206102,7.411221898267528,55.464548590564235,0.35327379095903255,175.63296541902636,189.99483801684323
TRK_08,9.439133399251284,7.406112197840679,90.23615515028284,0.28227665749270037,232.36398292773106,154.50391201225912
TRK_08,9.198923477661843,7.497716072909696,75.77426101515952,0.32556414476269124,289.97635928884256,229.61070585498373
TRK_08,9.468658034506253,7.333422001636873,62.67866493264708,0.37930959373620776,112.49334449386744,107.6857759635595
TRK_08,10.388754730437688,7.299842227483689,70.93438735315489,0.31764618064542754,148.65599589919887,125.7409852508613
TRK_08,9.29591966799078,7.59027975211715,79.30878985558641,0.3367738553214346,337.87608041297955,255.61561160740365
TRK_08,9.050531349261467,7.605549253191803,74.55629547588795,0.3126211677135129,176.9541691594238,142.40581672944205
TRK_08,9.139095073058256,7.312253890026261,52.60155366130574,0.37479167160657,104.82832257593309,119.57250150926158
TRK_08,10.14479145720583,7.512792491881908,68.29522549543942,0.35306032867413306,243.63575445981272,214.04344390904637
TRK_08,9.347165869092427,7.598220522006829,66.8211425012235,0.3488752568258012,307.63131263747346,276.22812282670026
TRK_09,9.266175727465095,7.38780834378637,61.97702063332306,0.339859931313404,24.140169897536495,23.370116521435783
TRK_09,10.546212675686764,7.625195906700042,52.800141298801954,0.3801898291014227,203.87812288468228,231.67906509671593
TRK_09,10.15882565941966,7.449767000864571,72.02105158995863,0.30745924780767564,32.66013662069877,27.20882511406068
TRK_09,9.778937849406002,7.2944967434445065,55.38019634333059,0.3403403524743319,100.52780913011925,108.91381659995768
TRK_09,9.007608751889592,7.4616298411086435,76.74066088453799,0.3246351227814016,177.05819636377726,138.43367595974271
TRK_09,9.67442643642766,7.527603229181551,40.447550858704616,0.38468174644783365,140.62396609279168,208.6019495974427
TRK_09,10.170391618027045,7.378043403592876,88.3734874113273,0.3279105536265741,144.4403289140647,98.06583386832668
TRK_09,9.384571088771859,7.41066255286337,69.58059464260582,0.3277346422852217,220.59345259963644,190.21980516208058
TRK_09,9.759155643404107,7.442287333628333,67.60340411623459,0.3158830060911129,173.37230844421413,153.87299859586187
TRK_09,9.422671946002176,7.265022379135265,60.0509351486471,0.3350077595321257,60.81897623447684,60.76738963407838
TRK_09,9.93819134851641,7.298068878379591,76.25827556363757,0.30196960865088784,245.03863133262405,192.796359100572
TRK_09,10.47296301639047,7.3553293858954145,70.37937377613953,0.3589714572361173,156.04945534344895,133.03567250240624
TRK_09,10.415978124691339,7.498807628424096,72.4323473249116,0.33383664148454895,224.5882608335368,186.0397480916328
TRK_09,10.43612878782371,7.538288354966674,62.22931366018667,0.3494339851568574,295.01762711734114,284.4488647858144
TRK_09,9.312931052725107,7.334470815651705,72.79435676175021,0.34527260732085585,26.300834458261768,21.67819234477929
TRK_09,9.400377679938856,7.3734092931532835,62.9606700092153,0.37741820092265904,90.84971301895598,86.577585345574
TRK_09,9.320266042903095,7.350783211887086,52.06134241612293,0.37142181911045136,213.05956883275513,245.548300076226
TRK_09,9.808573256724324,7.395722203743935,77.40894524384727,0.3416905069194661,172.838528823262,133.96787279206583
TRK_09,9.569982246874392,7.447330745874804,52.224902368149884,0.3891626734906945,243.3012263070837,279.5232334857915
TRK_09,9.831834442063967,7.436925845993847,65.49997021496185,0.35151351976440876,323.25350751732617,296.11021787318634
TRK_09,9.675677130299853,7.219225667719751,65.8539993754769,0.3310156520147829,201.90364428745633,183.95570158429197
TRK_09,9.304901987084744,7.5431360992881045,61.82051402375947,0.35644831303551444,246.10531907499075,238.85791597954537
TRK_09,10.267125134450556,7.503341307767313,64.256340245083,0.3227268084378026,240.8630366630672,224.9082681127316
TRK_09,9.789353938675015,7.314637559643818,77.59757049687515,0.33819294857953813,169.2595175279419,130.87485840920084
TRK_09,10.414604963120297,7.5207729972700355,67.6545159722012,0.3304598776259855,183.57399336351665,162.80420373322548
TRK_09,9.952607874596293,7.4968857195075005,80.30048306811648,0.34212177828719115,161.18969097981653,120.43989138377972
TRK_09,9.934745028226061,7.589322924085588,61.8927951737594,0.36101323902401045,308.48177769775987,299.0478392501618
TRK_09,9.354137907236733,7.424193493674211,74.71100989445907,0.34580838583936285,237.9875429604964,191.12648320242826
TRK_09,9.48265499692765,7.197420998521805,71.84740645222982,0.3271584968735862,96.70496788098744,80.75862942550475
TRK_09,10.003386068082877,7.325344301926929,40.298120748812536,0.4051956465001439,161.2850897008452,240.1378824181489
TRK_09,9.829337392471743,7.479461915819867,62.257267729666204,0.3334698222859566,373.47852545339583,359.9372787207264
TRK_09,10.147358350937775,7.2851504564004275,48.22012256481568,0.3826191131024829,42.61899025155467,53.03054573650387
TRK_09,9.544444052622687,7.356824754835543,79.39869710768302,0.31443705224486646,122.67492317887928,92.70297446758126
TRK_09,10.07922616790862,7.274198361505016,48.51751731043603,0.39772595512857806,136.52161347464238,168.83173877317523
TRK_09,9.401529223556107,7.407307081346303,59.457597416859464,0.353982811761413,205.9078493279266,207.7862459368806
TRK_09,10.397658148854163,7.570157295163265,78.36404204060236,0.3325643135119953,361.5822363960261,276.8480749438739
TRK_09,9.607048647033926,7.254202140116118,63.148019431036175,0.33659952991009284,374.7738084662177,356.0907960467461
TRK_09,10.528501187869914,7.30896500262905,79.32785492014712,0.29838490525981376,393.3241791936591,297.49261183697945
TRK_09,9.42104844103686,7.345454872917681,48.83521518019207,0.4100228862044276,131.06421907846493,161.02832998056562
TRK_09,9.335803337004316,7.360597530566562,81.03118619639446,0.31402758851553336,31.594458549404564,23.394295479888
TRK_09,9.297518856185507,7.354321286147124,63.167448040674586,0.35410161933809065,342.6013197631376,325.42203022911184
TRK_09,10.400654139868697,7.390800913044783,43.17711283492211,0.404325509046694,220.25594404665057,306.0731895929436
TRK_09,9.795001968104286,7.412481570469397,37.245997918709946,0.3761002291372983,281.1431974024473,452.896761712838
TRK_09,9.707927696986891,7.340315074848813,62.517111018325714,0.33237049593470036,319.0578257754093,306.21167924591094
TRK_09,9.3674283813045,7.414325376534515,64.1754553555206,0.33592042638341363,182.5262753982101,170.65054643123017
TRK_09,9.969382666046176,7.326444054356922,61.44002009016323,0.37163563643626557,39.251890481559876,38.331911764310355
TRK_09,10.502658058639698,7.412509472090584,56.93142990501344,0.3652467983617107,242.8907885779856,255.98245712419362
TRK_09,9.37736772880523,7.334185154341093,66.47150018930363,0.3434462754013762,179.43413458968465,161.96487283603562
TRK_09,9.086590648518408,7.533313860849239,56.1287347350694,0.3849898859316229,384.96517397651144,411.516677644954
TRK_09,9.625937377784194,7.2443714691205345,53.24233944291928,0.39948248758104776,202.87040757050096,228.61926394650277
TRK_09,10.19406837924103,7.24526595687168,41.57532119244539,0.392309491267604,325.2770057337257,469.4280112397517
TRK_09,9.07269260384751,7.372516588064097,63.08863561769343,0.332243092211425,67.82991389060047,64.5091591154119
TRK_09,10.287723285304828,7.431677888877156,61.65207151807389,0.3615121237171759,129.71001910923286,126.23421979052932
TRK_09,9.202900298102781,7.412590582059428,44.919337901568596,0.40125725790978856,57.783277876950564,77.1827198391534
TRK_09,9.335395972294352,7.434303522088748,56.94216660895306,0.35999855211193055,395.9014278651184,417.1616060034539
TRK_09,10.197092893206104,7.505955737726966,50.829075942504964,0.40153593232562995,120.21698359105702,141.90734105853878
TRK_09,9.245658378051736,7.308635309002815,91.85969216275787,0.31249931655599644,174.1242120208396,113.73272079705515
TRK_09,9.77995960991616,7.1890183985529506,53.61765594456382,0.3733726712977272,266.3363660130826,298.039548340329
TRK_09,9.983967258642089,7.311415709319341,55.528242368184884,0.3788713624983322,323.48470993431187,349.5353313610232
TRK_09,9.190306671029969,7.231999709039545,64.2914845308361,0.34774460910883115,61.755223251478135,57.633035263192745
TRK_09,10.248954192290382,7.265884904213772,80.89843062687949,0.3374874067186938,344.1449992565402,255.24228091183303
TRK_09,10.477474746466568,7.553466147517632,70.2758894003317,0.3458249110627211,44.08338245881697,37.63741690214075
TRK_09,9.941282625579984,7.211538633345767,44.23104037306863,0.37655834410254124,145.98996933716415,198.03735309747015
TRK_09,9.632162469582795,7.424861279479778,65.64489405827366,0.35626032846945743,37.34094384000287,34.12994510146205
TRK_09,9.318546515462833,7.552540719187418,30.574364318094624,0.4426214644286946,228.3596070846613,448.13937200881605
TRK_09,9.438779120498536,7.227237207057884,56.391457071622796,0.33866257021827273,20.277400484403138,21.57497061157559
TRK_09,9.673834293842313,7.352836787463581,93.29711703793012,0.31325964258613087,320.72457292598494,206.26011806705264
TRK_09,10.136773870516583,7.318644585067322,50.729616882007335,0.36556692765769433,207.63540824152759,245.57891938092428
TRK_09,10.263358545878337,7.390217439159764,57.86917012012662,0.3911158267973112,313.9381086559728,325.49778198404124
TRK_09,9.666566535842263,7.27819587566517,68.64852457582532,0.33144715865752516,384.40512102550025,335.9767366311635
TRK_09,9.352726319553875,7.554041816894423,76.13866249657924,0.31598610762476204,345.7904090288224,272.4952588005008
TRK_09,9.70661619684993,7.408748339601644,50.06375396412774,0.3533589541004329,67.12643606444558,80.44914424021474
TRK_09,9.200666074734135,7.551536720994512,69.5554343358686,0.3542001683272422,216.7956133144576,187.01251631980077
TRK_09,9.637174663603018,7.232192569664546,57.05840181809948,0.3770727586063497,177.20804344605597,186.3438559085374
TRK_09,10.50093273761828,7.2997145297963995,89.88172988497223,0.2850196548499087,123.80536656451221,82.64551654020525
TRK_09,9.84789605881581,7.329430838231633,57.62929078428535,0.38486850042068255,113.81565810654743,118.49771866800408
TRK_09,10.184367124900028,7.501507170965812,50.117594978293695,0.3644241416986831,336.5089058730575,402.8631932782912
TRK_09,10.445826349323713,7.315415189989603,53.98287871296853,0.3555216585117195,108.99481093739507,121.14375543060189
TRK_09,9.48010411409661,7.511172785715345,55.487113742205636,0.3535069666438033,179.90612294013516,194.53827471652212
TRK_09,10.374263110627636,7.614406003937983,64.67447114621287,0.3414534329635984,294.9175445116351,273.6018147051253
TRK_09,10.499817422250233,7.385491658308797,74.35914855585509,0.3023001166019813,388.30514196284906,313.32134606504206
TRK_09,9.273103594947381,7.347159405864885,71.12638118737263,0.31068232405636004,46.068672188042115,38.862097088854185
TRK_09,9.144897411701878,7.5982842551743595,54.15717973549883,0.3891040680022554,88.96078288379206,98.55843674091497
TRK_09,10.572040191039807,7.187584413237123,59.82180136218014,0.3706471733415898,393.5312862728471,394.70354684602427
TRK_09,9.630741174623466,7.553917457598071,71.51732771759004,0.3335017812881828,99.53657754670655,83.50696038847524
TRK_09,9.744263411132946,7.567680278388823,75.52894355233617,0.3284834528347533,186.9576360727807,148.51866896025024
TRK_09,10.423824049090342,7.504914138624554,72.00053084509335,0.32492240434312036,31.354719964302703,26.12874066033871
TRK_09,9.603958827525094,7.373383428134367,69.29127992306023,0.3386601110151934,94.10686249062609,81.4880567324956
TRK_09,9.826911901058935,7.357392136420181,59.63927765960837,0.3811883014081872,68.45302190181474,68.86705331259465
TRK_09,9.447568455381782,7.524671005383538,50.27008295447558,0.38965448254904067,151.9137430086067,181.3170785648147
TRK_09,9.82260118412472,7.594259012142578,73.90912503173038,0.319422422221964,93.45212139726618,75.86515577648552
TRK_09,9.565200072918792,7.531656865355252,57.13701108222545,0.3438328809080608,365.0703246851454,383.3630612841565
TRK_09,9.606359669777257,7.526386128355516,67.84978567463925,0.32560103241843324,150.69091479699472,133.25694101933146
TRK_09,9.845879443979596,7.528640738596305,64.47242909077684,0.33596640239782494,302.3621540315432,281.3874007500032
TRK_09,10.106822322113251,7.388141575450212,52.87805140434101,0.4016597137024778,268.36817136257696,304.5136848676069
TRK_09,10.608160741688575,7.3777217123674514,67.53971475867596,0.37038235944007497,363.01850445410605,322.49337067933686
TRK_09,10.455261265887541,7.505174013563759,100.20773225948822,0.30556106981305253,174.927652327505,104.73901467475343
TRK_09,10.030566745550207,7.233091085716529,83.57144225568995,0.33109787748167324,73.29666515423418,52.6232381606963
TRK_09,9.189621786618044,7.485502813081315,77.32377058610415,0.3022224306079033,363.85549821505117,282.33659232373725
TRK_09,9.140938165265458,7.413559174232049,82.20092738018414,0.2880122711186585,167.42844853926331,122.20916761551622
TRK_10,9.055658524862089,7.409375329973527,107.74873493627578,0.2855488004935414,41.30861147645791,23.00274513713137
TRK_10,10.234938062871931,7.372654130087754,56.51079613196669,0.37747703722305076,94.82314996110607,100.67791266610779
TRK_10,10.137915461238238,7.598712839352676,56.322254844413735,0.35265302148725225,52.19691254838505,55.60528003636433
TRK_10,9.516846968767336,7.1926222474381545,66.60114508201474,0.3281149679792739,188.25870022570865,169.59951663943403
TRK_10,10.404593395146755,7.492915049545145,81.25510853105658,0.3390144406269612,330.06399268796673,243.72423985759323
TRK_10,10.164703093216058,7.2467889068239675,59.70601443748369,0.38094243188349963,293.4040211558356,294.8487088814644
TRK_10,9.114704784234318,7.267784510974024,94.17994931623628,0.2988810832512718,86.8868688823765,55.35373687065525
TRK_10,10.063229950571762,7.463471887444635,69.97817518613911,0.3471377649351687,61.63424950113834,52.84583315057336
TRK_10,10.41478015926395,7.285398646373086,42.11879925351619,0.3742356580022505,115.211860955021,164.12413886001673
TRK_10,9.44923787431221,7.548297621278186,53.73442175754058,0.36097031617442504,217.14742061608436,242.46739447115604
TRK_10,10.485224883093935,7.544483787269162,61.91050861831073,0.37887080315312416,163.79460321564392,158.7400331909402
TRK_10,10.245972086722436,7.421570363587793,77.66955255103292,0.3212384325754043,103.74341200494186,80.14214728746666
TRK_10,9.087139661576943,7.366750657226787,71.09555662621952,0.3586275966862411,300.0188970809692,253.1963272964863
TRK_10,10.048910439207058,7.277803004727845,56.57125002756861,0.36098430587055896,306.3425372238046,324.90977704171223
TRK_10,10.248848941955776,7.366096108202634,68.21528053372728,0.31759809781790543,69.7882748519385,61.3835559768168
TRK_10,9.467689621117495,7.433929305825933,65.11072506176032,0.3442591831518108,81.92322746525713,75.49284151348286
TRK_10,9.30211565737763,7.616246875787406,56.01798719299484,0.3788344825203684,124.13019039239347,132.95392777830781
TRK_10,9.924637362821857,7.238059858365858,62.836227826977925,0.3610314659420139,284.22953057395733,271.40031195691256
TRK_10,9.615961185133598,7.502621737086891,62.00934658062279,0.3418170300888624,27.313642690279416,26.428573300413987
TRK_10,9.774685383377733,7.252396343149318,75.771730195277,0.3307614764343024,378.3470595785611,299.59489530210897
TRK_10,9.058595596390926,7.574075208004169,80.76282742905977,0.32710470704992267,76.07741522326964,56.51913211440819
TRK_10,9.864710496734224,7.4314107004395344,44.890880496167085,0.3637752447800029,173.15457061321817,231.43395990373048
TRK_10,10.545159845641964,7.481536014187784,50.755155403621565,0.3909089139995747,257.2417635340823,304.09730182687275
TRK_10,10.455971227451162,7.569785747289225,50.76899829968512,0.3670036995934216,320.82223175991425,379.15528275676536
TRK_10,9.276271126841829,7.202342543546715,76.02166060357001,0.34827331831639174,81.86812858436859,64.61431749928705
TRK_10,10.556862258779923,7.570746125570463,101.6172526961644,0.2666499878892685,114.4493124758766,67.5767014591981
TRK_10,9.394433602542058,7.464039569354498,25.488895858859998,0.40870719770706754,314.21609997646783,739.6540871359375
TRK_10,10.453093568126054,7.283012380000003,63.202996241231475,0.3613080913120093,326.29344087500726,309.75756873577893
TRK_10,10.205871913156665,7.231292858789055,43.161578922310014,0.40147750047216,295.35581500216284,410.5815714487148
TRK_10,9.63079290422943,7.47886862270954,68.38444384585611,0.347799361445049,315.50542525561235,276.82210237765736
TRK_10,10.423279587948034,7.562084575071704,71.28614181934877,0.34145291354693513,43.44886495377739,36.56996760791253
TRK_10,10.228223038815123,7.43917877342679,63.82840565582756,0.3233178132788713,31.660336092129462,29.761360103067712
TRK_10,9.847313305012614,7.334107054238124,73.15637399134829,0.3375269788735939,54.03154060408032,44.31455879194089
TRK_10,10.163053893506776,7.222464641541377,45.75945124294324,0.3915611739844405,116.29416327283546,152.48543430568742
TRK_10,10.066449362382604,7.25994986097937,69.74429834798468,0.3398200510467655,317.2080642163274,272.88945912135057
TRK_10,9.9190716804526,7.328711195897996,76.25440276254363,0.31912849354468914,213.58282175214643,168.05546749916365
TRK_10,9.805182519166717,7.199561926916617,74.25606074628746,0.3045437070773901,279.8984179823499,226.16207902976632
TRK_10,9.528107464559945,7.513136150514041,74.22957560344113,0.32637708264715487,134.50912704377396,108.72415148568226
TRK_10,9.205879711045258,7.431992690104292,84.99047063191725,0.29665318541244307,390.7883909988547,275.881558080535
TRK_10,9.432353851240212,7.226607816414153,74.74603301924044,0.3074635189034289,223.05378432273318,179.04932902484606
TRK_10,9.682729153728676,7.2917179321546906,59.82375322272357,0.33345329602839635,216.47900448612967,217.11677334604462
TRK_10,9.061446535183224,7.363210914151861,77.37057989741487,0.3306449992859857,277.7981576154504,215.42929468832813
TRK_10,10.39205324213517,7.45933251416004,82.04696189106156,0.3342172535470387,376.92715089657054,275.64249220857556
TRK_10,10.360358060169723,7.5445200382936255,52.795504196796045,0.377258616540641,382.86772902463605,435.1140137965052
TRK_10,9.314238260096747,7.405443902325635,69.55930158751909,0.34310992839546484,294.2793434835283,253.8375200158683
TRK_10,9.64835353629032,7.586085262362171,73.80043531692127,0.3461369416581891,38.4051227635315,31.22349286852444
TRK_10,10.426566220863805,7.584697858826281,40.08021712649645,0.3794832695373233,75.83629418455831,113.52677149209958
TRK_10,9.734938185599228,7.323116651436583,71.25223482462204,0.3604150979036046,181.84893303986036,153.13114050734617
TRK_10,9.654694229891875,7.451639944557128,56.454318377127464,0.34696281290894065,289.1385916014612,307.2982899234926
TRK_10,10.277528748507997,7.590405353824552,50.996192152073675,0.4070063299858312,267.6490594769069,314.904758393052
TRK_10,9.659439929839795,7.470661734625803,66.46806117161181,0.3678150659617945,393.32245817278925,355.0479294023176
TRK_10,10.410378291226491,7.368836047976655,63.640758700522746,0.33352910352167214,194.62103830869293,183.48716352474375
TRK_10,9.262150475368026,7.302799942895859,54.70892256442481,0.35259385594574844,271.43249892263384,297.6836167113293
TRK_10,9.3176991621128,7.552465795631121,50.291089393897565,0.4004152149400069,53.99464792168869,64.4185463935174
TRK_10,9.620708913893388,7.306262922833729,82.05717710629204,0.3284513826794777,349.3210389836928,255.4226586648499
TRK_10,9.276806795371751,7.410606671118678,69.82356235433846,0.3353598674670413,300.8287734688047,258.50480553441383
TRK_10,9.708074924388463,7.232505667209077,49.182229187228316,0.3985020324023443,109.1462221351515,133.15324328181697
TRK_10,9.006952314323568,7.504639712830364,61.61055909260381,0.37057248790780273,394.21364230235105,383.90851968393395
TRK_10,9.418858769876742,7.1950480046940495,79.8647997475822,0.3240618409096439,34.77018576090269,26.121785220119065
TRK_10,9.39093828673194,7.361818092115695,61.20147641155354,0.3523955927191451,230.99586816227836,226.46107418284885
TRK_10,9.974993554763307,7.299560247510971,68.624132480537,0.37011255878192484,363.7354492828814,318.02408523215337
TRK_10,9.277028364351427,7.373152761299377,55.14340852895505,0.37150895153662716,219.03382562358468,238.32457746086519
TRK_10,9.66666720376248,7.535027633681132,74.37269246529236,0.3286859776575907,56.73961312349033,45.774553462591754
TRK_10,9.595232836251155,7.260056873031983,46.26366770850904,0.3947012385169665,83.72869631065124,108.58892144677685
TRK_10,9.632166039738772,7.419198939713347,70.39919004549118,0.34426355767922245,366.9440612959542,312.74001396223935
TRK_10,10.560413048678198,7.591201595990048,74.31159637305913,0.3102354004157351,254.3050000283472,205.32865321720584
TRK_10,10.467134446345142,7.459563695270073,82.44560284928964,0.33452800108175024,254.66420692483567,185.33253305724108
TRK_10,10.33014631673504,7.2664350277662875,64.12813103447127,0.34713319394171066,277.0877775992392,259.2507591873783
TRK_10,9.81035757743532,7.256825675078719,77.19910550331352,0.3533337012785405,195.32006984782188,151.80492201902916
TRK_10,9.90364280996243,7.203042128377465,72.15099216385677,0.328600651455952,205.19410975027677,170.63724580608036
TRK_10,9.716209627317557,7.476794040663966,57.38482269020925,0.36386181646000215,95.33742590022369,99.68220316535691
TRK_10,9.95678330689694,7.20761558156679,55.19015986389208,0.3799787067632694,279.3477619917698,303.69300905888315
TRK_10,10.385955558593615,7.578853708198789,73.72258988345064,0.34020302438012234,325.46377551777437,264.8825354879468
TRK_10,10.493275269033637,7.465180084402445,71.3803838075584,0.31304389229427043,37.28853913590953,31.34351804812886
TRK_10,9.93042953176696,7.227901631280007,60.40453677488471,0.3679559791967564,103.65879304695935,102.96457708129542
TRK_10,9.855607595843836,7.33229970906888,47.30872706010432,0.3903248878987037,207.9625210324481,263.7515747590139
TRK_10,9.198903205724315,7.289443356165195,66.69928639418917,0.3636234011819836,181.408212598811,163.1875443404581
TRK_10,9.520283979573623,7.48129362820271,64.85104309838773,0.3373047373244318,107.18919642217782,99.17113862877187
TRK_10,9.672485099418132,7.324407134423621,42.58618520278096,0.3797195951945164,329.4739224542376,464.1983134465714
TRK_10,9.215392767052059,7.515750367701031,63.77902573995594,0.3724276296691097,315.1258505567472,296.45405858809994
TRK_10,9.072390119785704,7.506977127306737,70.90002957583873,0.3515312435570672,188.05660065167035,159.1451527820712
TRK_10,9.35639306477427,7.5456047997973865,40.84501414444656,0.3970721591010797,90.49132050916363,132.92881259261432
TRK_10,9.924566627954153,7.277723039796806,66.32997401962648,0.35171838314806503,142.22907472726243,128.65592983815557
TRK_10,10.235238961007019,7.284186962384418,59.48657168466824,0.3625603719854603,389.02466623566596,392.38233626692374
TRK_10,9.783762791482292,7.292492633150357,58.64101379453835,0.34966651696234186,396.0100320734235,405.18743430418664
TRK_10,10.307942285176196,7.225993477352779,79.4162032943565,0.30087726071209103,368.4714349315852,278.38507985518584
TRK_10,9.802117824616072,7.5605323284177235,62.745355092237375,0.3730786931205018,325.54618951032586,311.30226838155346
TRK_10,9.595945590699662,7.522202611739245,55.293014475191704,0.34192410255220523,346.4515967889225,375.94433952704617
TRK_10,10.508962600607068,7.405355935001739,61.009345481122665,0.3853804621960273,216.7291010528275,213.14351040191428
TRK_10,9.593741191641096,7.446982474965961,80.18981930250135,0.30238766687698726,38.91880773141773,29.120011545059366
TRK_10,9.356487295947996,7.232858638696232,69.06344685849332,0.3262719512724515,130.8697719203842,113.69525664294878
TRK_10,10.023981391524838,7.5543897185323265,61.22148018587797,0.37599790330879995,25.911874244352045,25.394885094917225
TRK_10,9.081067100732698,7.284929394702446,77.18613301942264,0.30374132837811624,331.2752413420166,257.5140598832616
TRK_10,9.456864796803947,7.347118510725972,39.79199042474602,0.4200597256776113,234.99057172135647,354.32845034344325
TRK_10,9.140533718811412,7.524524949899224,88.62673601349616,0.31131823122579566,22.551157340819138,15.26705711291344
TRK_10,9.39759422388272,7.5803343054065175,49.04443597069343,0.4100980214644662,302.64563583674686,370.25072856492
TRK_10,9.418615213461871,7.288928949278322,48.25840613809141,0.39261722276435773,254.9943405768845,317.0361737773332
TRK_10,10.16500499814123,7.287228258264017,67.04457996721418,0.3168402743452576,107.32428357402976,96.047391416141
TRK_10,9.811578908558497,7.245352998986382,69.79810422284257,0.3351368557839906,193.5315809574187,166.36404364754853
TRK_10,9.21001388043979,7.526033816088669,62.3873133756223,0.3324905975436273,95.20636181640877,91.56319450064068
TRK_11,10.428955502930599,7.381594831146274,67.02306800964533,0.3662436547131529,85.71440716476963,76.73275161241597
TRK_11,10.498632246282412,7.528450890938908,64.95557023389422,0.36032002572079397,360.7658165524844,333.24238268104796
TRK_11,9.262493064036448,7.606575792013407,71.83104034633939,0.3155833710812629,185.3477010087392,154.81972705538135
TRK_11,9.316660963784535,7.168250010818065,83.80035183872019,0.29190615848457396,394.6751553664301,282.5824570231
TRK_11,9.047100147510847,7.283003236280011,71.69596378511861,0.32464277500271205,80.11855247474276,67.0485881589103
TRK_11,9.956191210910927,7.263280520199099,65.86372695708297,0.35104133579932684,262.0712960688484,238.73956866086394
TRK_11,9.278970281027574,7.581113753839989,82.47730891509187,0.3264033606805842,226.6676632532884,164.89456280876226
TRK_11,10.450680888933576,7.595537107220309,76.00700376428225,0.310931182580227,377.15531573629295,297.7267596859503
TRK_11,9.211849038512979,7.457759969186018,74.46222439787432,0.32855653894234005,215.55818149060494,173.6919759518426
TRK_11,10.180805057473124,7.431740651082617,86.57283423368087,0.3266540132594712,188.54855569929163,130.6750950468045
TRK_11,9.60428294341978,7.1822781502268676,60.72496823580218,0.3337052810296405,90.8145641953334,89.73036973130043
TRK_11,10.604189269385195,7.469586776160403,56.78249462991382,0.3784365771935387,370.21957593466817,391.1975812414884
TRK_11,10.080957158318737,7.543667627632874,61.40506285544608,0.3862789021798069,26.86737582499659,26.252599941062048
TRK_11,9.226553872465159,7.24585471250544,66.08175715404369,0.3626524236681042,350.1562497264067,317.9300292304469
TRK_11,9.91749219286502,7.536131063588854,71.39745464891548,0.32769683671038924,180.08350224097023,151.33606915806683
TRK_11,9.777434559779344,7.3211878790137925,54.6994842968176,0.3514699488689937,92.43295955605947,101.3899426047465
TRK_11,10.105187302732984,7.262280809312323,82.97783793401499,0.2962224828823472,374.14248842004656,270.5366862300529
TRK_11,10.141807152803889,7.4004813752938166,51.92421948694458,0.38819747796693893,368.76675214398324,426.12109237775223
TRK_11,10.421342121499162,7.436596124206151,73.34244380946551,0.35792118050560384,366.4722631892167,299.8036968672048
TRK_11,10.448804500042048,7.260359008071689,63.59374388152592,0.3668256949313326,363.5160614867455,342.9734177915078
TRK_11,10.564885273773072,7.3072423267848885,63.25046160698346,0.3450135113808894,99.96086954406142,94.82384824178875
TRK_11,9.251686332851603,7.469210393544801,68.91529332947042,0.35852227863542874,329.72538682424994,287.07014442895684
TRK_11,10.509205985478275,7.487781051698536,70.1123701340453,0.33990248058273576,89.38182889967968,76.49020741600415
TRK_11,9.225202135720174,7.231154802428741,78.51362323126061,0.3233882944280912,392.53308270490504,299.97322748591426
TRK_11,10.222304692388114,7.296951934852263,60.89466130393705,0.3567162572306615,300.59636311759874,296.1800164555616
TRK_11,9.482931425198451,7.563571847539034,103.38603390134409,0.274595863479487,114.12773353806318,66.23393657617392
TRK_11,9.2735449868457,7.374449630248815,60.47276635797967,0.34216128936183965,131.60711313764398,130.57822990127963
TRK_11,10.539600588274672,7.377552686908464,71.24796161824437,0.3285832145294668,396.5605698676655,333.9552971290497
TRK_11,10.115837118427214,7.219858271187766,52.23144128800759,0.4035280919085259,97.30953360473309,111.7827092706425
TRK_11,10.158817687131318,7.522594408114221,62.66038045586925,0.3447965937983541,148.58824973126238,142.27961782253539
TRK_11,10.039990266373522,7.423260865152644,56.45519009412067,0.384559734885149,281.44680303614047,299.1187905667339
TRK_11,10.194677246626973,7.599690838542468,104.74462703861101,0.2981081908301778,220.62032441831155,126.37611913228909
TRK_11,9.758073987915619,7.375386171471724,74.04995228675126,0.3047505098375809,241.94104682134684,196.03608592571695
TRK_11,9.687638569682509,7.237204327404301,63.964733526136044,0.33255593461285277,166.97897112279955,156.62909411284122
TRK_11,10.457393362818738,7.298400982850076,50.773926407960616,0.37160613369047013,266.6750721436187,315.13230235644085
TRK_11,9.512489886565904,7.509357656209621,73.0497344281827,0.32414575799530493,157.46681946029406,129.33666688283793
TRK_11,9.112937551784201,7.296409725336551,57.43418422967905,0.3423128565217003,176.64452230093625,184.53594283975787
TRK_11,9.332150541879319,7.210937618053574,56.07838722714622,0.3437358506734048,378.5653593686231,405.038780272235
TRK_11,10.080165434775664,7.266211286704295,75.97076200063745,0.2992484695243588,41.511815053551494,32.785098340756285
TRK_11,9.340808776944293,7.194079193481582,70.80220254674985,0.36098949182743867,321.0940547323317,272.1051406729759
TRK_11,9.219726510073999,7.569454468665474,77.29992488732158,0.3005346998587235,253.65421363089428,196.88573876415057
TRK_11,9.29205838257725,7.463265499179654,52.08124298605997,0.3797908451218807,321.8149044435864,370.7456496724433
TRK_11,9.929972217379047,7.342784303440928,58.41934339814452,0.3610854855051209,188.62128291529942,193.7248232625192
TRK_11,9.195491477074778,7.324322752377795,53.939673464990996,0.38033607065285774,47.288167270655045,52.60117190143573
TRK_11,10.036925323198275,7.352712560712405,69.29167657626314,0.3288185612561218,33.69738254765427,29.17872755804941
TRK_11,9.453671972815846,7.6258219365126285,62.7731858900517,0.3825440912369234,174.41194897835052,166.70679989112168
TRK_11,10.125364549287903,7.248971137021418,76.69149199991344,0.31430323994062126,153.80510230596073,120.33024652027972
TRK_11,9.586557955153001,7.579967627650609,78.41870250734948,0.32972755366388456,191.2320234648103,146.31613430244235
TRK_11,9.88472182050935,7.26941367801871,53.41629350153909,0.367915590116528,303.0977627794717,340.4554036727447
TRK_11,9.34059316719786,7.357599215259631,66.15537003832047,0.3393710084760131,276.71353913320775,250.96696365503348
TRK_11,9.772051327585821,7.308773630548881,57.34798586415781,0.3478061044153087,189.52615270363563,198.290645972369
TRK_11,10.03257621096815,7.3072989384482,57.30417942397193,0.3662635984575255,384.98344435296355,403.0946240461277
TRK_11,10.057681420222114,7.209631994929733,47.08523265140701,0.39103948137212685,389.8275513393969,496.751354156575
TRK_11,9.23548483722453,7.396817269246335,52.59151620677613,0.37782115473394207,184.12158274741438,210.05849919613993
TRK_11,10.171763108910033,7.222037377241085,70.6323587710863,0.31915392878325477,269.7067189885304,229.10750003065405
TRK_11,9.115957238769944,7.3284652323474475,41.19959226846313,0.4001049011796852,42.60974593277719,62.05364216489126
TRK_11,10.133252975774322,7.636555645072675,61.54025826554851,0.3741238000917838,181.00690866113757,176.47658339042323
TRK_11,8.994851493096478,7.518021767587478,68.1479103020297,0.32335930373479305,261.16591468248726,229.94035784076752
TRK_11,10.069620084766102,7.4343288526186155,72.36512732422746,0.32563975109962234,392.65580184694704,325.5621731343141
TRK_11,9.288060703238775,7.334311298221669,54.1064900674276,0.3588123431168326,96.55511389699632,107.07230919248597
TRK_11,10.029466753167911,7.277170871571284,50.57957322697484,0.3894743243745025,371.7406235525276,440.97717695364753
TRK_11,9.929471176614202,7.218560213109503,73.0016108469993,0.3195504857763899,347.1576165842481,285.32873115239033
TRK_11,9.981662106599636,7.289002696782092,50.10242599142137,0.3765064000116539,163.8934593898358,196.2700881006017
TRK_11,10.258194159851254,7.594344054223801,69.18433399146065,0.35569956165746786,251.83979753869667,218.4076507000394
TRK_11,9.121463259297649,7.50367433686555,76.82718848103544,0.29673364018663123,326.22243938799824,254.77108755725868
TRK_11,10.264809242661054,7.341469109035053,58.25914807268557,0.362172706129279,270.83608397255466,278.92898499097805
TRK_11,10.17915389657179,7.388775824533588,59.46319771172708,0.3440704328967586,349.7879286108019,352.94562896520944
TRK_11,9.313652487373647,7.305973706598876,56.534561305661924,0.3869539004741266,205.1472897415703,217.72234718413725
TRK_11,9.785742649737157,7.283763489134225,75.19706645260747,0.3069307375679766,276.6764439624351,220.76109376166332
TRK_11,9.361101565978927,7.267736509831195,80.53960866497339,0.3013411146349714,355.87058244241547,265.11470940174803
TRK_11,9.08813204905882,7.271998742142813,70.09186118769685,0.3655346906457585,372.84968105825124,319.16659772506983
TRK_11,10.147817343552115,7.600028755771505,61.94353401570765,0.34877256668371287,248.7224944267255,240.91860276843852
TRK_11,9.56939340305952,7.245915077284898,75.58537715848824,0.35772430953181805,331.54813813472066,263.1843490887347
TRK_11,10.265080036531865,7.398256844647483,51.37158883806178,0.38481161350978627,365.31968669948304,426.6790593350077
TRK_11,10.05364670973634,7.310299202632824,65.91576132489843,0.3715255504772006,312.0809134432155,284.07249541271653
TRK_11,9.602405249775632,7.176788238740529,53.77380648912769,0.40137794887453215,173.81385046515248,193.93886557050246
TRK_11,9.518122576747865,7.384679443534522,40.31221389156315,0.37266734638921,98.23537764956694,146.21183234512418
TRK_11,9.68245151028236,7.394375068389347,87.51845380576628,0.2985458637711086,247.10362567519536,169.40675818400797
TRK_11,10.024479377866523,7.555824934538387,73.63245844018779,0.35498398165685924,262.37339509076594,213.79706774606245
TRK_11,10.128453852931273,7.56651791627175,56.37171967440698,0.3732085156874632,202.28984526492215,215.3099246572348
TRK_11,9.056380255610396,7.333589274017924,48.09102493852334,0.3718574600439507,37.78158459882739,47.1375912413492
TRK_11,9.932625417473524,7.5820416639615305,92.20434759367286,0.30079517405286643,51.79662049859945,33.70553895800491
TRK_11,10.211814747812863,7.470848282407504,72.01514491587048,0.35319932118402647,237.12045483823684,197.55882331299532
TRK_11,9.833357924135,7.564878151249495,70.13233476533125,0.3401696453542836,184.84337399531296,158.13821793939806
TRK_11,9.920570550002468,7.4302793527415805,62.03013909347097,0.32594608474802095,393.609013255391,380.72687149284883
TRK_11,10.356550825471261,7.1877126150998,56.79322183388214,0.3597857223468028,20.126236312365073,21.262646135378787
TRK_11,10.04170381875142,7.614198484771382,74.50827033606986,0.3397427010658616,295.02174424531694,237.57503126669306
TRK_11,10.372642372556198,7.320193586904029,72.00608939142734,0.3657084611763068,254.687353502807,212.2215126431755
TRK_11,10.287227527742068,7.535851470554768,40.585724267488914,0.41860293190404946,116.22353801419283,171.8193381222373
TRK_11,10.233623520999465,7.506536274188747,59.730967993353396,0.33078062612356385,205.7121006168735,206.6386407530823
TRK_11,9.319610199423787,7.320130362407456,46.065392332789074,0.4029606686544005,106.80742216769103,139.11626506434786
TRK_11,9.08925603164666,7.542304433418551,60.859571416634594,0.3293441659210516,153.95621655072074,151.7817621456075
TRK_11,9.55773129253572,7.515887568122722,81.4622786459729,0.33127016313594054,136.9759123304185,100.8878572565119
TRK_11,10.198850932998456,7.349705324099778,76.82498894661202,0.31444684637008197,94.54546222593426,73.8396166577805
TRK_11,10.280820629157459,7.454506496342691,74.23926994750252,0.34856100225096875,171.28397620552462,138.4312989553746
TRK_11,10.435887459917298,7.5457633256377346,67.34563957938991,0.36020385323464865,215.72602935266806,192.1959883668736
TRK_11,9.465421535189318,7.404781087851021,57.77780926951993,0.3662555189760065,300.9942546518032,312.57078638728126
TRK_11,9.449674487160534,7.406729128931123,70.45926736562394,0.3230128407308407,112.28744931137355,95.6190322519507
TRK_11,10.448415397613735,7.530186965721542,64.66914258858176,0.3554820406216604,327.6300422253458,303.97499868803897
TRK_11,9.250593205072269,7.4950692087273785,67.29125718563859,0.3696011553009226,33.63732059075966,29.992592200763866
TRK_12,9.757461817029235,7.423653494492867,83.31276745319136,0.3429495343901711,275.23796412126114,198.2202530549005
TRK_12,9.253508285032293,7.6034699901672465,77.43792421389004,0.3542242646151042,229.67055363875463,177.9519964954525
TRK_12,9.130932214396008,7.191491470449159,87.16669131195547,0.33076396941790354,392.45587762011473,270.1416367054099
TRK_12,9.68250994653198,7.465918380643603,83.28102734918778,0.31207659630261525,73.37160174729908,52.860732449656545
TRK_12,9.756757081235179,7.5598257035255205,53.963711123083236,0.36501990904532033,52.62032330824241,58.50634311071369
TRK_12,9.40535225951406,7.605110977251058,71.77185324508245,0.32823464898938615,333.53315171261244,278.8278161693964
TRK_12,9.90690908295931,7.27272501334758,56.01606694948457,0.3932818135859343,232.9711627305699,249.54036448934968
TRK_12,10.404372921060464,7.461225792816643,56.18533275582879,0.34528853545418653,121.83952201069754,130.11173845692775
TRK_12,9.90344411579306,7.338865647989189,34.475885458350696,0.40236134462040196,371.1870309347011,645.9941944924743
TRK_12,9.499484786345544,7.546845694983049,67.7095762969964,0.32855152386611713,376.79283895385817,333.89029401199133
TRK_12,9.571515333526412,7.3007212750774375,47.16817237885588,0.38763731231050585,149.73941552743688,190.47515471838895
TRK_12,9.920430448458236,7.230397492413684,66.59817083243938,0.3703109547711066,161.53484634102017,145.53088559814137
TRK_12,9.703863447479323,7.346148739500113,55.26794942444049,0.3671864315239104,224.16225133435134,243.35505876600092
TRK_12,10.177884877518816,7.5713205967847115,56.40010213431607,0.3763265785302389,213.200866355119,226.80902156600786
TRK_12,9.535252838277989,7.481466584231459,75.67454467499529,0.3332319997815696,153.71729946394558,121.87768036725633
TRK_12,9.694196302454223,7.52376396629369,72.40350338809152,0.35076929834932397,129.91410776413895,107.65841569940363
TRK_12,9.72467131016918,7.484850291192276,62.88046901820605,0.3685277236677227,310.91761389485947,296.6748996145415
TRK_12,9.420416986959147,7.232162628541627,71.97549524358759,0.30700194210626186,159.4790690060064,132.94447100331524
TRK_12,9.982666767762861,7.247550517220819,91.37566443830488,0.29745774195461017,318.7285555494136,209.28672257017388
TRK_12,9.549490101303974,7.333328257169253,45.62239267350793,0.3988456412634009,219.70119067586953,288.93862570708075
TRK_12,9.592765137056631,7.333945179151435,72.57804682528038,0.31076177942621064,231.8144897187593,191.6401720841132
TRK_12,10.081652021903677,7.562817353253926,69.83162259170646,0.33056411303311484,93.08378282459645,79.97847912156479
TRK_12,9.374316127542073,7.313830205894443,65.81856829636713,0.3313483508498198,148.38876070087088,135.2707278888604
TRK_12,9.11525291502442,7.194352599636409,60.08300704033704,0.3645977257664313,113.33843670288307,113.18185518923119
TRK_12,10.159746136602275,7.295802240440394,43.52825469626917,0.37127539436300855,271.52591677792856,374.27540158351604
TRK_12,9.34853721593717,7.503128058847837,61.951793700116866,0.3268023176002392,348.07820195934426,337.1119844996717
TRK_12,10.161408716504942,7.477547287817687,62.08186687710494,0.3520960418110507,297.9649452388132,287.9729237157001
TRK_12,9.983336062224353,7.260844370421279,55.00757176025489,0.34847947999212614,183.89384951612718,200.58385814695893
TRK_12,9.834196071225051,7.518522742039063,61.29842631092944,0.33097094507402947,310.0614181391071,303.49368177873447
TRK_12,10.36381123425794,7.342187051446883,75.73871270399941,0.3022325093902255,353.5924130624423,280.1149376100532
TRK_12,10.254812340309947,7.359880354978504,50.478747311987355,0.3640518087533242,207.67747124441937,246.84939579921172
TRK_12,9.700013916821247,7.459369325669911,61.782485449567716,0.34320563144435384,137.41963587763354,133.45494427200487
TRK_12,10.129341238115762,7.416541982856316,72.71959728466467,0.3503458777073592,191.67778362765256,158.150862313486
TRK_12,9.717057778031421,7.330308185288215,64.81031554378674,0.34206702308527454,204.6076320986334,189.4213571236798
TRK_12,10.131732329213166,7.370746086998364,73.56003415785058,0.3497855689640459,243.19752218152368,198.3665654583458
TRK_12,9.911484047565242,7.2157244003448175,45.65122318768225,0.37800139236176605,20.59832142161082,27.07264338165912
TRK_12,10.537627812113726,7.336712636749326,52.40325301635092,0.3747497524906931,56.878724255186754,65.12426727108647
TRK_12,9.097572428671837,7.534584170002835,60.97020759631866,0.3636160031594893,130.72677326708694,128.6465423893162
TRK_12,9.407844198989933,7.424088203397507,42.08837217827784,0.4138370414031506,266.89859490215406,380.48313264047215
TRK_12,10.004521452154723,7.210581581278576,89.33828218452447,0.31857763210196355,248.71678662924057,167.03933445834105
TRK_12,9.828711365026587,7.245616692714958,73.3372761939211,0.3305819108554854,296.4303545076957,242.52088696929272
TRK_12,9.31664176924474,7.499940866145455,71.76693725677029,0.3426212013989907,223.02972414111935,186.46167664351262
TRK_12,10.041039481246722,7.387091288762044,57.500997087107265,0.38228893299456523,396.5681675658556,413.8030861952895
TRK_12,10.009988611027342,7.365627288944935,57.95389078761845,0.38609937128177046,133.48963621631626,138.20259630765185
TRK_12,10.219183338975776,7.384412654454273,50.53245274321607,0.39504869016467103,192.8279839625153,228.95542190566113
TRK_12,10.071502095513015,7.4899802995630465,72.48820200095498,0.3591012979981174,164.89627070777237,136.48809005272332
TRK_12,9.122654244050802,7.476923609625505,77.13607499328599,0.3408456769356681,90.10212285794708,70.08559058711997
TRK_12,10.409300945607615,7.373049184893415,62.504425521702544,0.3792626361039843,167.54500959559792,160.83182097634696
TRK_12,10.070815470719387,7.296015020056962,67.10347235616587,0.3564469694036112,85.15504683995658,76.14066204023975
TRK_12,9.488249595538788,7.299580481774574,50.82547922309762,0.35204641369060746,326.90842210883653,385.91874835911807
TRK_12,10.101408899997047,7.556132216949372,66.66398784985823,0.35878840524133415,98.69433277622916,88.82846882653664
TRK_12,10.015236439235867,7.453712336705198,60.12481249181357,0.37580596572584746,346.390786233795,345.67171709446103
TRK_12,10.572326448346184,7.264572413782172,55.37352374769045,0.34273135122358384,213.08150701415022,230.88453751116484
TRK_12,10.436520185083818,7.364839765303215,61.216231643418446,0.3848844666452587,277.8951800082154,272.37401507522503
TRK_12,10.186023215191165,7.402438427048239,64.31242237454872,0.33220292551230185,106.2713000050897,99.14535582520304
TRK_12,9.848328371378331,7.293689258792278,67.39559710607304,0.3592964696903199,103.64664530051088,92.27307101742815
TRK_12,9.490803804832641,7.178114060405059,62.62708413618957,0.36180582982243065,374.7754146135735,359.0543163069026
TRK_12,9.226361938154708,7.268505043488927,76.020364646649,0.30609653833776407,45.47057512493271,35.88820601133783
TRK_12,9.544325208996982,7.428731211213479,80.63632332539959,0.3067422671256333,128.77250323762894,95.8172430937711
TRK_12,8.97908719229176,7.304083023094476,61.29049496728792,0.38044965051801133,190.0103180227497,186.00957762618398
TRK_12,9.49019510750541,7.547966224362693,65.4134338525436,0.34726887524064043,211.01198676187465,193.5492216209372
TRK_12,9.674488437610288,7.47848659441571,67.5129985018027,0.3598018871576306,328.408873665392,291.86279467941836
TRK_12,10.458636462462318,7.409183490707559,82.43730260124653,0.2931685580590257,61.66022302313581,44.877904354578035
TRK_12,10.405149791062783,7.211229909248517,60.49709978133545,0.3728978866962983,393.7427671129101,390.5074146060676
TRK_12,9.969183224574213,7.184997732308261,72.48245737602471,0.35008825295216023,362.0273850566989,299.6813834651649
TRK_12,9.891835266100475,7.460905351848493,55.398171079380056,0.3551842418794657,362.3110910766178,392.40763803281027
TRK_12,9.89357972949169,7.432145623955862,61.8814726771261,0.3589682550148813,267.92390925400133,259.77782783411703
TRK_12,9.584257865271887,7.300763533270996,52.1913330020855,0.3737195529137269,201.63266609456824,231.8001719785673
TRK_12,9.210380499206286,7.222800424264333,62.87201561257244,0.3589235343399564,349.48769466596,333.5229748187746
TRK_12,9.155877167726299,7.548221266535043,61.07072661664471,0.34105181926925604,21.319522441863146,20.945736482577775
TRK_12,10.312238394673194,7.355486835435231,38.726576464015,0.38529604507497606,104.99884480626021,162.6771913140722
TRK_12,10.326497907263823,7.623080551386556,71.86563164164004,0.3528794662665955,66.64259898356939,55.63933479292401
TRK_12,10.043536300038502,7.438204182639418,73.61496266549051,0.30614150093750614,170.42783518309835,138.90749571458423
TRK_12,9.69720735558775,7.399888482903092,72.23774554729812,0.35793277344323693,85.94956601090355,71.38891062536901
TRK_12,9.905820907023177,7.5852993490840515,80.54112365075191,0.32045760537699575,178.88743343869092,133.26417015068864
TRK_12,10.061044482369082,7.506166743369139,72.40359366187944,0.3317548992629535,42.71793853727557,35.3998494081102
TRK_12,10.075452122254722,7.433321624317476,67.46944592286316,0.3538679409573111,40.28733865822004,35.827184978765025
TRK_12,10.32816008017439,7.402796851572517,58.98279012053686,0.33555486841117216,372.3684344544087,378.7902542691917
TRK_12,9.121599801293195,7.429574063430981,66.02447807521234,0.3265769079996093,84.15805065473212,76.47895426801809
TRK_12,9.44324203325403,7.443233339362789,65.04574862840293,0.35633245239783695,247.74947136389267,228.53097389584983
TRK_12,10.01541204393273,7.359371425773914,41.727558387607345,0.4228334146482284,175.77190095576955,252.74217962578706
TRK_12,10.563528865014215,7.552828024109257,69.8721647834459,0.3638556052432781,42.69994097658369,36.66691115890557
TRK_12,9.590018766490733,7.392258460652818,70.5936315082146,0.3495451757945077,244.5526100113998,207.8538288397382
TRK_12,9.196930721081022,7.4378822406964185,85.89557567354231,0.30270826476290874,271.6922608754837,189.78318178441697
TRK_12,10.148406253489949,7.381291424722315,79.04165007694874,0.29585533973729666,221.31654114128298,167.9999399753117
TRK_12,9.17682359651676,7.550104087693378,60.309678698612515,0.34028803134825975,284.9792539524592,283.5159398310793
TRK_12,9.697968207086305,7.452772733421365,79.3805953710735,0.3021310321099605,65.72862244207221,49.6811258228662
TRK_12,10.231264345083456,7.1810899508373245,72.77286962432352,0.3614228820652789,244.4625260830174,201.55521749658354
TRK_12,10.105427613750393,7.51479348067308,78.19653917193304,0.29770233386452843,186.35507644632966,142.98976278470732
TRK_12,10.26651556246684,7.418773398799197,69.25642827255501,0.3210720430449622,157.10771408270617,136.1095724986715
TRK_12,9.061136994776676,7.292201462303464,71.84661863715444,0.3621810442125636,193.48305536740415,161.5800930127675
TRK_12,10.522532431272257,7.465212290136547,73.21499899031116,0.33478691005375855,213.65032858530924,175.0873440128702
TRK_12,9.059285209026736,7.614191100517099,54.81354332942361,0.3442979369225986,316.9963888733491,346.99058256632037
TRK_12,9.552269802507096,7.4115798924049505,48.376018853798186,0.35547003990206916,125.79352221254993,156.0196872661919
TRK_12,9.326100652747046,7.500065976094093,72.36559031456406,0.35857333932094454,382.9063522370775,317.47659397730223
TRK_12,9.161580809032614,7.210400044715799,56.800516015224595,0.3458974409697119,173.66375405613547,183.44596095879194
TRK_12,10.427117936608882,7.372075905917598,72.07350121884772,0.32357589766432576,199.07543131917657,165.7270103041285
TRK_12,9.176838493387175,7.251949674574389,67.04795336143403,0.3569198898024699,40.58591969916446,36.319604997079125
TRK_12,9.868751822788377,7.438071431054571,67.99687573374291,0.3583704899019678,94.21234040976826,83.1323551793861
TRK_12,10.098960056958258,7.51986328319518,40.756925174559775,0.39208111121835026,292.33326067832337,430.35620487994424
TRK_13,9.92887147092662,7.543696167699114,59.43492355880625,0.33685371063952035,72.5553130992958,73.2451314024233
TRK_13,9.41193105343045,7.557471220011195,46.2143761335028,0.4095189397698861,340.8977993298326,442.58669425079745
TRK_13,10.570625528394883,7.444318324400911,52.12433059853396,0.38018978561683425,296.4950418422629,341.2936397697571
TRK_13,9.22543437641945,7.228475881498522,82.03609428635471,0.30015772680066366,321.45560186169934,235.10792754683928
TRK_13,10.012668663645067,7.223831210450645,50.70957751471334,0.39384672140266946,96.44811080537495,114.11821852870766
TRK_13,9.488070998574067,7.36471010605086,48.7064120960265,0.38550997033911566,121.79519134590308,150.0359227106846
TRK_13,10.340488318114147,7.605256203549381,64.69870309020615,0.3534904956260502,22.525648529018607,20.889737308284737
TRK_13,10.124447752488026,7.421526148866963,55.793263069101386,0.3804955954884456,216.02345186763034,232.31132934463406
TRK_13,9.956922265363772,7.481902568819074,48.37662746819934,0.37365416609717234,317.05015515235766,393.2272732663381
TRK_13,9.378810223975117,7.472696065522552,57.88947755002546,0.35369958088106,256.27376322112303,265.61693841475375
TRK_13,9.647180278676657,7.618605064031954,45.22243621023839,0.3897476734754684,274.78599983410635,364.57920828054984
TRK_13,10.343882207948985,7.6202314016743395,85.5602004965571,0.3220707370762552,88.78077931970947,62.25846513060611
TRK_13,10.138820237056274,7.389968276422119,62.04546494440453,0.3665479725870304,236.24749303995574,228.4590758583022
TRK_13,9.787042883317543,7.322414022200262,52.90326906763911,0.34488850013221994,193.16797074103937,219.0805681524888
TRK_13,10.339430679258344,7.193646777037119,56.02821462724256,0.3571280962373207,208.29677149251785,223.0627260336486
TRK_13,9.460556221341655,7.276356301709311,68.17880286784151,0.34417752281928743,202.94568876718287,178.60010463419974
TRK_13,9.116309194329295,7.571081704140518,68.72718298144905,0.33159943124557767,195.4853676874495,170.6620517883428
TRK_13,9.4049134336021,7.488509957907156,84.02603688672897,0.32724120088464337,394.44952156515876,281.66235337046436
TRK_13,9.163180493668047,7.216003475030466,66.05326383100532,0.33665571584839926,178.90162876954642,162.50669692319144
TRK_13,8.981642526220584,7.356428170282424,82.32915996906235,0.3113592338892942,397.16811003875756,289.44892200139446
TRK_13,9.487694954115716,7.226807300143691,65.39853640258166,0.3215663562445867,235.86858213238315,216.39803742434097
TRK_13,9.866839600127893,7.240637095029936,36.5155963134887,0.41542569882535985,229.97368778440577,377.8774731926607
TRK_13,9.688507321727156,7.297458529460743,60.61760773056162,0.369354134574051,130.63044166906062,129.29950213446043
TRK_13,9.530825098546348,7.444159386144843,62.56980236863053,0.36572414719433605,272.2688801614635,261.08653361957806
TRK_13,10.596667722474853,7.368565797882212,50.77528105075553,0.40690885677515565,55.1015922974621,65.11230404698138
TRK_13,10.02143425901817,7.228357857127396,52.95028306847274,0.3777659895767523,358.21594927856813,405.90825414323916
TRK_13,10.567588618106164,7.4710842711643215,47.678900490321375,0.36336094507583183,355.6043210958673,447.49897850692287
TRK_13,9.746338318539685,7.33093807120867,70.03104248950636,0.3244239377869085,331.87752279867124,284.34035336406765
TRK_13,9.124649883989552,7.386058987460581,75.9429804220547,0.3481294327992208,376.7395567566493,297.6492794959413
TRK_13,10.598622550080272,7.3703096061310776,82.19207167251741,0.2916115994326456,231.9715132328798,169.33860542447735
TRK_13,9.03819958253814,7.465412845429382,55.83369467959121,0.3462988711527321,215.75739541525826,231.85719303020474
TRK_13,10.422979686743492,7.470973391381105,65.90145999536702,0.32114919573078266,153.53886886453438,139.78949984597767
TRK_13,9.280318944737978,7.358745902870527,66.92925743913553,0.3173507023061364,176.49134226503946,158.2190052763141
TRK_13,9.152926137095381,7.497100138501986,75.04397164031496,0.31167521723565855,229.30361579106403,183.33540518626657
TRK_13,10.185934592777812,7.244670143974937,72.98904524813281,0.3545111035458616,312.0566888255258,256.52344493450573
TRK_13,10.121731843253574,7.279014551715296,60.3112212180845,0.3721441215579281,291.3856440083835,289.8820200851884
TRK_13,10.01532232787228,7.3987502840085275,61.784454271141044,0.37929284076741254,130.29829897942503,126.53503265492417
TRK_13,9.567081358678914,7.560750727089284,67.36674945367918,0.33102314299161445,163.06184122945587,145.2305559212791
TRK_13,9.484806908257475,7.25896511970329,65.2872255860419,0.3554921856088922,233.51088580385021,214.60022266938577
TRK_13,9.91423439014869,7.388009192674325,74.56996992780601,0.34784181040392576,327.1444929334821,263.2248557296212
TRK_13,9.706010449595274,7.3474890744757575,55.725258766133784,0.39429621806269666,255.0735035259559,274.64045121416984
TRK_13,9.082027878493069,7.534472142445296,78.18213946441732,0.3366431449559509,79.71018805169211,61.17268363163961
TRK_13,9.758509677255518,7.51995108377748,58.05121941135341,0.35090633281065636,368.15815738876034,380.51723404462115
TRK_13,9.836405549902134,7.567761695930131,75.30720971762273,0.3450398061433355,375.9466916779489,299.53043785923717
TRK_13,10.380681992190773,7.5740194589561565,68.66841155180093,0.34833952472924723,32.213318924535635,28.14684498729238
TRK_13,9.2728980678778,7.466283808538068,60.48087805298205,0.38402372944710395,182.211570289939,180.76282238857635
TRK_13,9.82642151081751,7.261429804943918,47.712476431677516,0.3958436186494633,108.19039883712027,136.05296592648452
TRK_13,9.21633651995724,7.407127415141281,55.95630212964328,0.3555726531922888,345.9830577066345,370.9856204275665
TRK_13,9.058018858138555,7.369008807098934,59.48943015796695,0.38983420812247144,33.77969188778996,34.069607119878704
TRK_13,10.442052298237087,7.310010587827979,71.18071449498342,0.3512789697318604,119.09106752489153,100.38483179312678
TRK_13,10.09868346466777,7.250359115812002,63.41235680952539,0.34853745456292995,195.535790542809,185.01358446286628
TRK_13,9.321603635645081,7.408704854212445,45.88047397876484,0.3770996036559387,73.34751397783091,95.91990790475987
TRK_13,10.349865710136777,7.516942462680152,66.73033975668802,0.37110753310223604,270.9382615979831,243.61176273270368
TRK_13,9.479892379218516,7.333736548578548,85.18816418595463,0.2894065349341696,39.48435129476441,27.809744467723398
TRK_13,10.240313593969983,7.356890726509851,61.844363843636934,0.36240142553584875,251.26077330600964,243.76750703551275
TRK_13,10.628771219109746,7.298188021020115,42.07206112996174,0.3687781460214221,156.8701052260661,223.7163110333341
TRK_13,9.026330824460056,7.56231311733593,73.3027623314523,0.35951878321864567,334.1522476056404,273.5113141532439
TRK_13,10.043602956626932,7.39307947866103,59.18969497706635,0.34104492413230864,136.8880281407972,138.76202084890198
TRK_13,9.160653629701168,7.309069157435887,74.69233001438313,0.32114773721242185,333.24301202252934,267.69255581532275
TRK_13,9.088935802662858,7.593794524170113,76.34455940996453,0.3197554628512308,232.228980630014,182.51122208954948
TRK_13,9.930029415247201,7.2644296628500715,69.50518522736505,0.34100037570908753,82.84813251511565,71.51823183617442
TRK_13,10.106273339103707,7.54402000858524,89.92475130440488,0.30207161912671815,370.03205495012804,246.8944642599211
TRK_13,9.569025255807949,7.396457771281486,49.902023442278235,0.3644264370194459,76.21007685698314,91.63164729598847
TRK_13,10.046586970937017,7.312860067884626,60.68165950077871,0.3844459612758481,74.94901345195328,74.10708349298669
TRK_13,9.866886016193556,7.458719941613428,61.36495859224809,0.3534925783127161,57.79667531154854,56.51108708042022
TRK_13,10.207895893181956,7.449111636956973,60.58650131558795,0.34492379438923293,175.28059879079746,173.58381321058442
TRK_13,10.325271800332029,7.185594547399313,46.145883410367176,0.38071044603282556,184.5293056268987,239.92949141648745
TRK_13,9.894335131816652,7.453769809883423,76.02555945364078,0.352477405256428,172.6117576306336,136.22662604874844
TRK_13,10.075141827557134,7.264179189499772,56.10406153835177,0.3693271173059065,93.61724175881348,100.11814388320354
TRK_13,9.208363699301195,7.2963720016066915,48.88998758830385,0.39695653608166004,56.6645233688484,69.5412613061139
TRK_13,10.58097611734316,7.2690198924446,87.40892343095399,0.3103284962492268,274.5729839947063,188.47479631408353
TRK_13,10.245928416161437,7.451584287940335,84.90376544371775,0.281562577663587,249.39193178458189,176.24089849105866
TRK_13,10.56235508201924,7.276246905712927,82.39774891794731,0.3239496401793221,197.80151662505259,144.03416541538706
TRK_13,10.491912602893935,7.262726772733525,51.37809659065236,0.4064936503661119,125.10628081341562,146.10071892329765
TRK_13,9.970842722332335,7.565640450639981,54.72622093971306,0.4001844534684668,292.246179677956,320.40894619772547
TRK_13,9.371027342319111,7.569823449239129,76.62454423989504,0.3553971019512862,383.88981053924493,300.6006608044817
TRK_13,9.15485028442591,7.540415382927309,61.092969717654405,0.3545263132946554,338.3476736891053,332.2945424844826
TRK_13,10.415622193881273,7.234406116477177,63.24769166194158,0.3444422322326729,307.5543628999662,291.7618222753569
TRK_13,10.198100168392944,7.330577610226438,64.51534059165208,0.3477833071453057,344.72247416288934,320.5958189182941
TRK_13,9.304344584391036,7.441643503490645,79.69041583994775,0.3338889196502367,367.43200633575464,276.64456444075864
TRK_13,9.386565706925811,7.480624538979933,59.08503103670064,0.378488526263767,128.49251828632487,130.4823059564902
TRK_13,10.537001434389738,7.585920751194734,57.13097572640229,0.3443617581875552,101.56811333312383,106.6686980662074
TRK_13,9.109894078919936,7.587879837365548,60.94188332168059,0.3345212011908189,276.00736200710486,271.7415481404194
TRK_13,9.0478459507384,7.542075257630048,44.03325503914489,0.3844396586186261,344.97593369246243,470.0664532555462
TRK_13,9.317254105574898,7.445091503264584,61.0923206558007,0.3693673892519673,302.9240752416846,297.50784254707014
TRK_13,9.291481707907172,7.28914293714657,67.20245032127863,0.31872517116614035,262.6074013209403,234.46234480928416
TRK_13,9.760463998247955,7.409023731299381,49.25030380710479,0.40028581532483865,27.189890168173584,33.124534956778724
TRK_13,10.457618744857848,7.502763975854164,47.34614169370234,0.37494380956619294,394.3435549546439,499.73688353207046
TRK_13,10.624212945499819,7.201149699693789,91.01028367266132,0.30060709534959246,336.2348555212607,221.6682611806402
TRK_13,10.290563402111673,7.502787015260962,80.48401516964827,0.30441902267348936,169.16843918653748,126.11331989087947
TRK_13,9.838359660089594,7.233922153030052,58.57589187995528,0.3885106333803669,360.2308601223485,368.98886066704836
TRK_13,9.940983888862432,7.358975596664036,58.892855157201815,0.3757586009154206,215.31227368115375,219.359995136684
TRK_13,10.288924237641062,7.236330372499548,68.97980069566523,0.35175636524434084,127.45955510617696,110.8668512991398
TRK_13,9.293105545018303,7.430857777385172,57.08476733719438,0.37076459981831844,110.35118082599848,115.98664860013992
TRK_13,10.239347792850987,7.456420774824408,71.90210200927051,0.3618039005693633,129.2814924216727,107.88126255752925
TRK_13,10.077707533060073,7.247239870820643,59.804626916552024,0.36207494971600784,357.6464263161503,358.81480556531835
TRK_13,9.989682344857682,7.570930608238121,76.38266095335372,0.29758657512705183,311.61519984262037,244.77953186228058
TRK_13,9.998948454389676,7.406412765336335,76.22365111449209,0.34521086880380036,131.8581711989754,103.79311612946793
TRK_13,9.076494940504027,7.514635959539987,55.184605846271076,0.3833814537157106,140.60700378948206,152.87633386148374
TRK_13,9.04311732912346,7.308715175634145,49.982343806980595,0.37934281263698383,272.8418235352415,327.52584543320603
TRK_14,10.060225729441784,7.5504786438814095,48.239612913329964,0.39160445789913045,361.38085439996524,449.4822813556684
TRK_14,9.2161116261551,7.547903011493662,60.96760784510518,0.38619256086918563,176.11767872014562,173.32254121000616
TRK_14,10.402338731512272,7.512303112978398,60.62333174896434,0.3689481177846596,390.2018939438282,386.18982100121303
TRK_14,10.555137305978727,7.228287849503605,73.17490824863515,0.32017814348636636,153.69191325510005,126.02017571341473
TRK_14,9.12838639954869,7.501420551956365,74.11269165857315,0.33552284358032847,185.93835720472353,150.53159158864366
TRK_14,9.024442317636877,7.395038754971546,57.350510822324615,0.37636996279689466,375.9054784449711,393.27162711022663
TRK_14,9.063597647307347,7.301369792201615,69.8841393695493,0.34116886233871646,82.99884475694768,71.25981274639223
TRK_14,9.679047252467539,7.234274660916708,73.6012244871001,0.33958337611992034,125.75814183841047,102.5185187187627
TRK_14,9.090594118069118,7.415988047820496,59.247883821450195,0.3339259678853657,225.40474768936613,228.26612511796776
TRK_14,9.570308140413415,7.204150879230414,62.88530740392767,0.34702594992540586,206.06269252773834,196.60811184795273
TRK_14,9.646911502367889,7.518097357769306,54.99723268136789,0.3980439425652251,92.00077957825356,100.36953689426831
TRK_14,9.752933780897683,7.494826170442444,63.77483937740191,0.36742429992079334,368.1044891831217,346.3163461735568
TRK_14,10.045514215599644,7.289610859005902,67.25378147964364,0.35189105445146523,191.79772527001418,171.1110254771927
TRK_14,9.32394862035971,7.25550348505417,54.39245148425035,0.35561775254693057,210.87882502912427,232.61921749217586
TRK_14,9.807565113592407,7.457161288496068,62.79670866959425,0.32823843566728983,378.8630316259178,361.9900211197159
TRK_14,9.068561902128707,7.3262708839771635,51.00094217537621,0.39128391854670497,200.45617685102295,235.8264396313117
TRK_14,9.993661442756979,7.520553386569924,54.703613122011205,0.3642341445199019,174.27093066356963,191.1437881898677
TRK_14,9.270687399014612,7.5052611765273305,40.63769510363046,0.3853250265157599,277.9131723564225,410.3281521962024
TRK_14,10.095319929015211,7.177929397832897,66.34299835570255,0.35297627467485015,362.66690810675743,327.9926296025638
TRK_14,9.414223862539354,7.215497664549543,58.68184079974854,0.33449822437358645,54.19651262790001,55.413918741416424
TRK_14,9.100949444217692,7.470445082676378,74.79079536532376,0.34202783684088917,73.01046298861985,58.57175014544957
TRK_14,10.53926707705235,7.59680687616947,79.63546755114676,0.2951720345230478,282.52770839915377,212.8657371548906
TRK_14,10.131164099034093,7.601977857200873,57.431702464535064,0.353091957200171,58.6730912339072,61.296902633320386
TRK_14,9.948803751467869,7.277730074183516,74.15866327138681,0.32393560127358834,315.82821574550655,255.52905228864736
TRK_14,10.288021865096184,7.567113662922438,69.2835357995052,0.34761558162222717,161.52493919939977,139.88166510452834
TRK_14,9.365142864529833,7.232524911887971,58.16521630889406,0.3733222102353733,104.42597516806818,107.72002422908591
TRK_14,9.224305666844279,7.5531221612608235,59.740391600437974,0.34887495496707716,250.34701998204693,251.4349303129224
TRK_14,10.27448368399192,7.251544627986532,79.76525979181066,0.3056504483697293,389.3075324948174,292.8399156557026
TRK_14,10.363324335206656,7.392003854012209,94.54478352321628,0.3038968785419839,84.5552265302362,53.66042845260073
TRK_14,9.344575520453311,7.2746749284878405,56.94081883713335,0.3860127885850127,136.85505650441007,144.20768014859826
TRK_14,10.312475433620891,7.422907838252285,70.73366984935514,0.3424870449327373,264.4480703416518,224.31869086237953
TRK_14,10.31206902489815,7.2726154344505,52.23412886955471,0.35215329196741463,236.7617634705041,271.9621465059066
TRK_14,10.32143664903235,7.265104395640861,58.95938001110608,0.34014918554944884,389.64730593652007,396.52449452126825
TRK_14,9.937136079719268,7.263390186197314,67.24297346704314,0.3587410165931285,44.935430929615656,40.09528009790278
TRK_14,9.634410121800993,7.5778657892386825,57.59381691218266,0.3498575988584509,359.6523455305545,374.6780798490314
TRK_14,9.12068427945417,7.240466326563067,68.1321231545031,0.34153744872891734,282.07258842830663,248.4049303339493
TRK_14,9.758725313713857,7.20842136881581,73.59781038814461,0.33973409834902696,20.001148174097462,16.305768936831836
TRK_14,10.411871878907172,7.609635038187248,53.75276380553162,0.3752561666146068,119.36826748435345,133.24144736022234
TRK_14,10.35020431633308,7.5426332769910145,67.09443317463611,0.3575463585453718,189.80084917247123,169.7316813260348
TRK_14,10.371136721475388,7.437620422691225,51.026843555271554,0.40473857333496077,195.86413719772293,230.30717585213634
TRK_14,10.375933124789702,7.547148014362615,65.17750564399229,0.3585172758077122,368.3492945235173,339.08873089021296
TRK_14,9.126035017203776,7.509329187030559,48.97860678820557,0.391235052290918,317.28219039348033,388.6785001037037
TRK_14,10.458918390991158,7.305517967305577,66.78019399003819,0.34376419839011385,372.2986714279884,334.4991823325868
TRK_14,10.265850585027055,7.296115820139961,50.52702798059892,0.38567633576855,243.5817869652881,289.2492949224924
TRK_14,9.816118857637212,7.520307228280924,63.05607226216868,0.3409237956498893,235.64477440707182,224.22402723784936
TRK_14,10.26971049092051,7.452691507622622,61.739086177129415,0.35017699456019025,194.01219309047525,188.5471960506714
TRK_14,9.798593859506596,7.293258884090889,81.81695695893652,0.28670992226086056,122.5401746923123,89.86414008564108
TRK_14,10.033830968555952,7.380105121653411,58.16187468622083,0.37749899920166574,55.52623036664256,57.28105980029284
TRK_14,9.436235009541933,7.521385082051483,43.2218764560458,0.4128194990587171,257.03544785854376,356.81298768219966
TRK_14,9.329280859620564,7.317871668010523,82.74245147793577,0.34390540633280664,161.3226951302139,116.98180963847737
TRK_14,9.058171536240538,7.267988682830618,49.68832974161808,0.35936229602925107,263.7994562335746,318.544967325743
TRK_14,9.967590964008078,7.237300661887127,70.67734731066545,0.3102829160008491,114.05557288528911,96.82500310937199
TRK_14,9.613174901880965,7.538251291843707,56.22001751955884,0.3483274570561651,377.254126095648,402.6190059059324
TRK_14,9.510318418637025,7.3284914798620475,90.94998742870058,0.3178824273266326,316.9181395895601,209.07191867706757
TRK_14,9.174574880516504,7.349373501063391,48.76740429006369,0.3840095790054653,263.33418418771873,323.98794402273256
TRK_14,9.240377533024864,7.39350456982725,87.21423177040472,0.30898734973383496,170.67042529863681,117.41461582641753
TRK_14,9.328147158596796,7.608064542257702,73.70954482811666,0.31663557619084864,218.67733412259298,178.0046271884002
TRK_14,9.08530672258052,7.336826720391246,61.79780843130878,0.3506415554063464,85.07606487292097,82.60105045714081
TRK_14,9.262663258747596,7.328211722789983,57.780565891013595,0.3592810814400213,283.8700431273406,294.773897157165
TRK_14,10.249717704154083,7.255522845194954,63.37621000897141,0.3412041208067129,180.49465243430438,170.87924860961604
TRK_14,9.808516124383274,7.544354594071586,73.24623472989138,0.32778726106836004,124.79415282784153,102.22572118939
TRK_14,10.032706742993199,7.2879637620187925,74.91187368698422,0.3205907889836743,289.16606805016806,231.60499436319134
TRK_14,10.064805195531564,7.478154576850553,79.31380404140887,0.3417413560602088,55.26664715484309,41.80859649045882
TRK_14,9.000177990932318,7.252501031206914,50.97447832656283,0.40593335197380503,208.64285479900525,245.58507902212074
TRK_14,9.218134637968085,7.24581236075655,59.08382545564905,0.37093764346904795,380.8570843927645,386.7627880784254
TRK_14,9.122905385712858,7.502153554014648,57.60089782846063,0.3913453130703175,339.3502791626371,353.4843642610348
TRK_14,9.637564807815023,7.383943615633676,75.58329316891678,0.3464609342256286,61.80956780282414,49.06605564117679
TRK_14,9.404400549476417,7.51394658509108,45.605400442417874,0.39510741515291137,267.13412948875396,351.4506530769862
TRK_14,10.351127993830982,7.548624066738543,64.62031294799074,0.37151613975283654,47.53814816741287,44.13919957862815
TRK_14,10.12139202889292,7.55727792918615,66.40623574698164,0.363773322202665,350.2856313723512,316.4934383936431
TRK_14,10.116869110989905,7.282735330704416,46.70702522708291,0.4105879480566243,297.93223891361765,382.72474532271775
TRK_14,10.128995852430144,7.367915903307689,84.26270613554397,0.326456633572286,178.30228637587345,126.96170907855146
TRK_14,9.989797033937537,7.316981471533472,56.22607356995769,0.35164132846226503,142.34611506815628,151.90046826696462
TRK_14,9.078341630524475,7.33513148285012,51.83105445777587,0.357107984124146,158.10190994597986,183.01990372367683
TRK_14,9.624706012829918,7.557021427858125,65.17874414020565,0.3736153918188502,325.3597850692572,299.50848795372076
TRK_14,10.095200345999055,7.561982864976504,67.85127338189588,0.31947864063768955,259.9541520107518,229.87408110761817
TRK_14,9.707133907657399,7.2771495473216765,56.78910852251391,0.37862604956737156,254.3110188412126,268.68992184343756
TRK_14,10.238870180031322,7.44298208003582,70.38211318552429,0.3665765406185758,82.66005243847457,70.46681211794777
TRK_14,10.551244750960574,7.463473530883965,50.73951994362632,0.3959450355890261,36.36504974517505,43.002042335731325
TRK_14,9.946641730258278,7.223741699300129,56.39116186766108,0.367110270416399,68.88387752686194,73.29220598985223
TRK_14,10.370373207534607,7.2219313681903134,77.86079152320059,0.30495968521362826,353.0750231084846,272.0817624901311
TRK_14,9.426985778303498,7.3317109846349595,69.8636827247357,0.36679917300664155,162.40100796623142,139.47247121749476
TRK_14,9.175337001484335,7.444124066687585,63.70475376917112,0.3533291364551226,35.98730726704648,33.89446325852871
TRK_14,10.133479429851597,7.5822269369443624,66.93114072762654,0.36219572382264403,51.87252764794634,46.50080104778678
TRK_14,10.030055647396315,7.593845800118098,74.26028157400718,0.33228068648615366,216.87010078346052,175.22430256394563
TRK_14,10.08354063717275,7.4747181894526165,72.77437709074714,0.3555846835992581,199.69048930779203,164.6380201032445
TRK_14,10.430247508921278,7.50179343239856,54.25274274198566,0.36749707826478306,28.695054263415834,31.734861110948795
TRK_14,9.4477236061339,7.477158869224536,85.94727194616841,0.3189552030775361,341.5320634785541,238.42436583150663
TRK_14,9.353196998743096,7.490699176153863,85.17130184079154,0.30186716364468624,58.92937321699702,41.513541728282235
TRK_14,9.335040825037689,7.2334718875423345,74.21958050788162,0.3053264405714915,57.528640887611765,46.5068440111994
TRK_14,9.973207682132125,7.272830244134888,60.523309622007275,0.3700726948247198,293.6396313925076,291.10070142535835
TRK_14,9.513836315015807,7.221512339172702,79.84051871722448,0.3297418610112445,322.78733796369045,242.57407878843367
TRK_14,10.432675193890326,7.483730301075304,61.08908682680738,0.3448192592604237,57.237031209528446,56.21661823670748
TRK_14,9.948538171428952,7.185494737414367,82.6942437809285,0.3273073905324814,339.1046504963299,246.04226484833265
TRK_14,9.551018741368082,7.467235548645642,58.20760754396575,0.3710045119213851,266.6595975168807,274.87087214378187
TRK_14,9.28489068724456,7.350812405870997,37.10404473358886,0.4088725067980243,205.9003956403077,332.9562538834167
TRK_14,10.510022814126641,7.263624242145603,66.63830468021784,0.326120729493247,118.47824900896636,106.67580717503246
TRK_14,10.570153399702473,7.530283706589798,52.835017458153295,0.3929975089263666,395.73492048668925,449.40072647855743
TRK_14,10.152937671821679,7.34182903510539,36.78514581561588,0.42046661839904204,74.74467954811823,121.91553610705755
TRK_14,10.56579036083623,7.331481014803936,54.54943900105067,0.4004528720533514,159.09856456165215,174.99563787475918
TRK_15,10.485564545734093,7.31700649202694,50.442133555522865,0.39753868606679843,70.30369861593675,83.62497023075177
TRK_15,9.4914959123594,7.348125331916676,53.30190200977995,0.38824953629902303,328.36828238866957,369.6321557100381
TRK_15,9.24516616662408,7.5045277891128235,58.18219889249431,0.34449502177353564,35.855404002381064,36.97564342863623
TRK_15,9.54197907738257,7.485678405929356,60.45898785347571,0.35697480631865036,25.44921362858001,25.2560102629475
TRK_15,9.117675723432264,7.219892816131067,58.40539419653079,0.36620315849715307,96.69971705235001,99.33984870674207
TRK_15,10.54801525839081,7.343067427704,53.19770513344043,0.35500990786033343,101.60523711633192,114.59731602496763
TRK_15,10.366761967838762,7.326457412651415,71.39406923839127,0.33188907113741706,215.16007880233946,180.82180867200645
TRK_15,10.006663912871945,7.395729532479145,69.21075616502088,0.35225469133075077,286.5092327097346,248.37980272309437
TRK_15,10.122821461068087,7.438896456151966,34.272128782149714,0.43865781693505274,197.50960845947105,345.7788275393186
TRK_15,9.224200841364416,7.529090740583275,46.57051483146509,0.3754415406449249,49.32006704917963,63.542437391123904
TRK_15,9.053301213878148,7.54380610743298,58.519024073376855,0.38220832025324847,366.5185536387487,375.79425779128377
TRK_15,9.605530174654048,7.450518692632771,57.48470090313261,0.3460741380966207,194.3059403123957,202.80798604813518
TRK_15,10.22658055281781,7.430026639293121,85.15411652500757,0.3209197655776731,291.1312695246699,205.13249252430833
TRK_15,9.609231182971888,7.47811839545363,69.60216705978111,0.3516622258123801,294.57966751330576,253.94008257842788
TRK_15,9.245647518497808,7.330053741766814,61.70511065733022,0.3540932254454618,339.84703104168744,330.4559645916287
TRK_15,10.00026350170847,7.244615999298521,56.49377116934675,0.3950120183921116,85.39770235834601,90.69782447592989
TRK_15,9.252349735664874,7.594649495514731,58.933406532438624,0.38401983875546164,292.2292212207596,297.5180683572822
TRK_15,10.100239492272985,7.570192795621619,43.76962476183933,0.3707570894003354,110.6177306621238,151.63629745151414
TRK_15,9.082137647500415,7.258909544826478,68.64946712989307,0.36360020385952135,302.57969048863083,264.4562614734768
TRK_15,10.453390947472576,7.3077780500161555,92.33479571531093,0.3224213823332556,242.93780697361726,157.863222694064
TRK_15,9.759015176906779,7.533395747325043,55.326081891664444,0.3406318165452581,123.94469624723634,134.41547856933292
TRK_15,10.04470887828195,7.498694632468327,77.92206300314575,0.3266569157419362,313.17034854510064,241.1412145485351
TRK_15,9.114864992777461,7.37153658522068,62.94798063957295,0.3286441059882025,302.30591421530903,288.14831974952443
TRK_15,10.194876458017502,7.381259965022464,69.7160118111485,0.34567209579953945,369.6374765093434,318.1227384411856
TRK_15,9.579948114863583,7.582951864021508,82.29639073612071,0.2871008650376495,377.1101419632357,274.9404720596464
TRK_15,9.545964772861467,7.302503999829336,55.07818221945641,0.34674402658631553,372.57319704086643,405.866550449722
TRK_15,9.563229969435408,7.600057981047651,81.3487410920448,0.33284546044337415,348.96454326232566,257.38410102805
TRK_15,10.348100357508278,7.353125225959232,68.6193113412782,0.3201598118869571,155.66052751494877,136.1079187234372
TRK_15,9.907332021899386,7.399592893271999,65.33571119514237,0.3583116955158889,80.00599054602681,73.47221519367972
TRK_15,9.929371339403579,7.327413515592497,77.8283227038103,0.3266902442239344,342.88397069800936,264.3387076472785
TRK_15,10.410040060061334,7.398115310920331,49.032454188901454,0.40546672135398115,390.9493535686451,478.3966375362099
TRK_15,9.19803976996182,7.24765845951838,58.08743862469292,0.3731908346576245,180.26615799970352,186.20152198248852
TRK_15,9.303814027510683,7.404080790310715,60.76823862336757,0.3384012864332557,194.94051644122163,192.47605741818555
TRK_15,9.871583903091265,7.554851871249671,68.4270395041558,0.3634908876933601,270.57311181628205,237.25104617438484
TRK_15,10.17705780965588,7.438328479949231,77.9938073680177,0.3109266262060236,256.96972683849805,197.68471537180392
TRK_15,10.272975310400062,7.2462048017738,67.31658930324355,0.31843256386345176,220.02437797252819,196.11009433176375
TRK_15,9.329822052070103,7.48722949322369,54.98146624640595,0.3903614839529157,392.9789076480727,428.8487752075121
TRK_15,9.772974431339216,7.233819945257983,74.17428345437862,0.33736501850259193,187.37303346375361,151.56711307821286
TRK_15,9.609525720590286,7.290836658173219,55.509762563072854,0.3746447777648394,126.81161577547904,137.06952786698332
TRK_15,10.108706790019006,7.273770993558891,85.88482457478749,0.3353226814359064,320.2537289135836,223.73246763847817
TRK_15,9.535993892911522,7.3203982483908145,58.84085444444578,0.38244755798360275,94.95612027760261,96.8267247382563
TRK_15,10.5499863425062,7.410165499081832,56.242942727439384,0.3516751939347477,120.07501309338016,128.09608523716045
TRK_15,9.328061967357657,7.511623066798835,47.96318491009658,0.39991609652513993,32.03190749088285,40.07061776767862
TRK_15,10.329297776663614,7.209609010286964,60.02596303857622,0.3800622412618481,147.9930326045435,147.92902115649633
TRK_15,9.715584899189066,7.606408792302183,61.21423638664684,0.3446749171650711,83.02096326283555,81.3741719214966
TRK_15,9.602197531618831,7.544890194321646,75.6121857329831,0.3292094913708291,231.81869911005393,183.95344363832987
TRK_15,9.105804150012357,7.287019060229433,60.81130284146308,0.3440086541212843,28.61202079384738,28.230298767095768
TRK_15,9.559107822040376,7.256278047123824,60.09259800389984,0.3782996999652944,330.3091609589022,329.8001803191795
TRK_15,10.205856125495878,7.519380767666222,52.07115208091254,0.3683541344110545,172.14716070425376,198.35992155897418
TRK_15,9.858806668876422,7.329558935139426,73.0777178970827,0.3046925256709543,214.4846298055836,176.10125437221345
TRK_15,9.243961839995508,7.553510356677451,55.8950257046946,0.38873641728121583,399.49503535269463,428.834262422541
TRK_15,9.211834365964943,7.5349820324705155,38.427550303378844,0.41897896717226424,398.2706874211144,621.8517979056741
TRK_15,9.032256206741385,7.233956762071799,77.18612644284273,0.33243870251653695,186.5660522575068,145.0255849247685
TRK_15,9.698369464417436,7.364172834619484,50.560727237186924,0.403228734451298,336.0868505654299,398.8315068991824
TRK_15,10.28382201500469,7.210336517978178,58.577666525435774,0.3766592288415628,170.2972236820706,174.43223718185183
TRK_15,9.132405988146008,7.503853234626467,48.91823259312979,0.3807161666648744,279.3402496240669,342.6210246974028
TRK_15,10.413333850832158,7.484460207084469,73.71139959410505,0.3595118710992145,317.55206081258797,258.48272795893325
TRK_15,9.785438531404218,7.486328216349309,60.96602547547091,0.35926046931196576,108.2808527130524,106.5651092081948
TRK_15,9.428670816588083,7.574139739363634,75.72171116824681,0.32315027779364447,288.25726047498273,228.40788146044488
TRK_15,10.314919823954664,7.2944834757020285,69.08708772902179,0.33132833687091345,318.7148146888174,276.7939641099677
TRK_15,9.253779848493897,7.38259001915852,68.27203977632006,0.32964314708510734,242.16146625047637,212.8204755948739
TRK_15,10.039965934274155,7.4026080185269665,75.39452731020903,0.3347348086860986,268.35824858376725,213.5631787805607
TRK_15,9.405465722989694,7.255997899647923,51.47924109595506,0.3537411798816191,165.7983246273301,193.2409892969742
TRK_15,10.486568515296202,7.285091286731971,78.4329974474814,0.32352084904077216,114.39746978363435,87.51225135331698
TRK_15,9.43314658140101,7.252211022766348,60.829089129779156,0.36937355247490344,377.16927843336447,372.0285315750877
TRK_15,10.152328591869091,7.323618052712998,61.56478961969013,0.3736284954243929,297.9815756854167,290.4077907448389
TRK_15,10.484356185278926,7.315215484239807,73.18273387450387,0.3297129779270469,378.80608731772736,310.57004891398265
TRK_15,9.886788215340495,7.424603162887874,56.481336513474545,0.3565641166508131,390.30808267494336,414.6234208694715
TRK_15,10.342079802696913,7.3103913999506185,74.23033719196539,0.3259983777160052,149.5603939253424,120.88889765264113
TRK_15,9.018115705159381,7.50009630007646,59.80938541191178,0.3598909887597387,117.4519682224576,117.82629172350491
TRK_15,9.517435803490528,7.194075135894631,74.0239988758522,0.3214118253640393,362.5359928296458,293.8528031464489
TRK_15,10.126408829515464,7.491570233115131,67.55111194861416,0.3213101400472471,21.036141652274342,18.684644304546556
TRK_15,10.075015031856912,7.4892333696815365,71.70017127701611,0.3092234381108235,214.7703650971164,179.72372556880816
TRK_15,9.311370518148975,7.211707462029613,64.28502003818426,0.35627746497673884,380.2790233085184,354.9309214644147
TRK_15,9.633235120744397,7.390646357212053,75.29729860251106,0.30330415355580753,289.78335328918865,230.91135432541915
TRK_15,9.49847850470553,7.330792290219935,65.189903676057,0.33740014815200414,262.456215939742,241.5615312861434
TRK_15,9.365041682026607,7.253420384300042,59.87552973907462,0.33732501666183967,311.84016967214416,312.4884282755378
TRK_15,10.50554015203678,7.27634564952454,52.792309846727534,0.3538990107101012,64.5907744426634,73.40929915382426
TRK_15,9.443454387410753,7.319012851588675,66.93834844997858,0.3592468750558635,231.82313219110708,207.79401125889112
TRK_15,10.623335110325137,7.607125799090666,67.53905619135656,0.34920543501923834,120.8466860632316,107.35715854912746
TRK_15,9.807707510912703,7.521253543412845,72.27384260992399,0.3449778623314827,45.13812804792051,37.472584618094636
TRK_15,10.038878526553074,7.566935732709697,64.43434038022558,0.3510384888271411,204.55886801642507,190.4812248959122
TRK_15,9.371538051525958,7.427040165044536,52.42838518416142,0.3989914788137426,117.06926304694844,133.97619930775397
TRK_15,9.493912892490377,7.178745825157732,50.651876648610475,0.3999540114003489,199.77827452106993,236.64861530047625
TRK_15,9.560468225330714,7.195096687845244,49.276120124696135,0.40370419559955406,115.71658336040885,140.89979048786455
TRK_15,9.56777902851276,7.257534945699683,54.757233384472116,0.37612861708541157,282.208875959913,309.22914674495684
TRK_15,9.1099342227097,7.430784379235791,57.72544254272969,0.3692859776417839,292.56424398009915,304.0921622352602
TRK_15,9.547663113081402,7.501842198106138,69.68253026839449,0.3247448072226044,28.008167022890262,24.116374863265065
TRK_15,9.349484584695483,7.3657565540750065,66.05109811261254,0.32980323547140494,283.14387832684554,257.2043945529307
TRK_15,10.094604842407746,7.571148124156793,68.07281621949777,0.3733516578694198,306.08643234642125,269.78736830231253
TRK_15,9.443154849645946,7.383183838208799,66.3943826314434,0.3659783468514684,251.31220923054326,227.1085588299684
TRK_15,9.065613353079554,7.5778548777737305,57.947437288817426,0.34384553982982047,323.0597326377317,334.5028678602929
TRK_15,10.362651111884022,7.430361282181297,44.74981874304291,0.39168388138663346,289.7550840276855,388.5000102791245
TRK_15,9.153622383310376,7.223818781957429,78.88528795304815,0.3313574229808019,193.18174766423562,146.93366989739513
TRK_15,10.162019465867653,7.526254201982649,63.06683935146717,0.3570733856304132,114.95586856657529,109.36574886139523
TRK_15,10.240274107864968,7.205075767662202,59.25129373735321,0.3511730307624249,70.11479411513287,71.00077283638898
TRK_15,9.772965198050834,7.335806378241669,70.66314247593832,0.3640387930502549,265.8657719795792,225.74634752773116
TRK_15,9.639445460824746,7.295290239411111,65.08448341588173,0.3383113211948301,177.0781254435924,163.24455490758243
TRK_15,9.725383594392095,7.236920686755548,54.80872439015812,0.3453734207289504,325.2053221019154,356.0075433833433
TRK_15,9.932538526413037,7.535067190333877,54.72306355424693,0.3760611367872816,205.09348750100736,224.87062037127913
